"","p1_luck","p2_luck","p1_skill","p2_skill","p1_chip","p2_chip","pff"
"1",-176.565656565657,176.565656565657,-1623.43434343434,1623.43434343434,18200,21800,10
"2",222.020202020202,-222.020202020202,2477.9797979798,-2477.9797979798,22700,17300,10
"3",-143.636363636364,143.636363636364,-1656.36363636364,1656.36363636364,18200,21800,10
"4",127.272727272727,-127.272727272727,772.727272727273,-772.727272727273,20900,19100,10
"5",-100,100,0,0,19900,20100,10
"6",345.454545454545,-345.454545454545,-45.4545454545455,45.4545454545455,20300,19700,10
"7",128.282828282828,-128.282828282828,71.7171717171717,-71.7171717171717,20200,19800,10
"8",-100,100,0,0,19900,20100,10
"9",145.454545454545,-145.454545454545,154.545454545455,-154.545454545455,20300,19700,10
"10",-136.363636363636,136.363636363636,-163.636363636364,163.636363636364,19700,20300,10
"11",-100,100,0,0,19900,20100,10
"12",172.727272727273,-172.727272727273,727.272727272727,-727.272727272727,20900,19100,10
"13",-100,100,-200,200,19700,20300,10
"14",140.606060606061,-140.606060606061,459.393939393939,-459.393939393939,20600,19400,10
"15",400,-400,-100,100,20300,19700,10
"16",100,-100,0,0,20100,19900,10
"17",145.454545454545,-145.454545454545,154.545454545455,-154.545454545455,20300,19700,10
"18",-145.454545454545,145.454545454545,-754.545454545455,754.545454545455,19100,20900,10
"19",100,-100,0,0,20100,19900,10
"20",154.545454545455,-154.545454545455,145.454545454545,-145.454545454545,20300,19700,10
"21",100,-100,200,-200,20300,19700,10
"22",-200,200,-100,100,19700,20300,10
"23",-100,100,0,0,19900,20100,10
"24",860.808080808081,-860.808080808081,939.191919191919,-939.191919191919,21800,18200,10
"25",-114.949494949495,114.949494949495,-2585.05050505051,2585.05050505051,17300,22700,10
"26",-100,100,0,0,19900,20100,10
"27",-181.818181818182,181.818181818182,-118.181818181818,118.181818181818,19700,20300,10
"28",-100,100,0,0,19900,20100,10
"29",-100,100,0,0,19900,20100,10
"30",100,-76.8333333333333,800,-823.166666666667,20900,19100,10
"31",714.451515151515,-714.451515151515,1685.54848484848,-1685.54848484848,22400,17600,10
"32",154.545454545455,-154.545454545455,745.454545454545,-745.454545454545,20900,19100,10
"33",1.06581410364015e-14,-1.06581410364015e-14,0,0,20000,20000,10
"34",-100,100,0,0,19900,20100,10
"35",-248.484848484848,248.484848484848,-351.515151515152,351.515151515152,19400,20600,10
"36",-100,100,0,0,19900,20100,10
"37",-154.545454545455,154.545454545455,-145.454545454545,145.454545454545,19700,20300,10
"38",-100,100,0,0,19900,20100,10
"39",653.427272727273,-653.427272727273,6546.57272727273,-6546.57272727273,27200,12800,10
"40",-100,100,-200,200,19700,20300,10
"41",-100,100,0,0,19900,20100,10
"42",100,-100,200,-200,20300,19700,10
"43",-100,100,0,0,19900,20100,10
"44",163.636363636364,-163.636363636364,136.363636363636,-136.363636363636,20300,19700,10
"45",100,-100,0,0,20100,19900,10
"46",163.636363636364,-163.636363636364,136.363636363636,-136.363636363636,20300,19700,10
"47",100,-100,0,0,20100,19900,10
"48",100,-100,200,-200,20300,19700,10
"49",-100,100,0,0,19900,20100,10
"50",100,-100,0,0,20100,19900,10
"51",186.363636363636,-186.363636363636,113.636363636364,-113.636363636364,20300,19700,10
"52",100,-100,0,0,20100,19900,10
"53",-213.636363636364,213.636363636364,-386.363636363636,386.363636363636,19400,20600,10
"54",149.59595959596,-149.59595959596,50.4040404040404,-50.4040404040404,20200,19800,10
"55",118.181818181818,-118.181818181818,781.818181818182,-781.818181818182,20900,19100,10
"56",-154.545454545455,154.545454545455,-745.454545454545,745.454545454545,19100,20900,10
"57",172.727272727273,-164.493939393939,127.272727272727,-135.506060606061,20300,19700,10
"58",-100,100,0,0,19900,20100,10
"59",100,-100,200,-200,20300,19700,10
"60",163.636363636364,-163.636363636364,136.363636363636,-136.363636363636,20300,19700,10
"61",-230.10101010101,230.10101010101,-1569.89898989899,1569.89898989899,18200,21800,10
"62",-100,100,0,0,19900,20100,10
"63",100,-80.5666666666667,0,-19.4333333333333,20100,19900,10
"64",218.181818181818,-218.181818181818,681.818181818182,-681.818181818182,20900,19100,10
"65",-100,100,-200,200,19700,20300,10
"66",-145.454545454545,145.454545454545,-754.545454545455,754.545454545455,19100,20900,10
"67",-100,100,-200,200,19700,20300,10
"68",-128.888888888889,128.888888888889,-71.1111111111111,71.1111111111111,19800,20200,10
"69",-117.373737373737,117.373737373737,-82.6262626262626,82.6262626262626,19800,20200,10
"70",136.363636363636,-136.363636363636,763.636363636364,-763.636363636364,20900,19100,10
"71",-100,100,0,0,19900,20100,10
"72",-240.707070707071,240.707070707071,-359.292929292929,359.292929292929,19400,20600,10
"73",-295.959595959596,295.959595959596,-304.040404040404,304.040404040404,19400,20600,10
"74",114.949494949495,-104.716161616162,2585.05050505051,-2595.28383838384,22700,17300,10
"75",-363.737373737374,363.737373737374,363.737373737374,-363.737373737374,20000,20000,10
"76",-101.515151515152,101.515151515152,-98.4848484848485,98.4848484848485,19800,20200,10
"77",100,-100,200,-200,20300,19700,10
"78",-100,100,0,0,19900,20100,10
"79",244.747474747475,-244.747474747475,1555.25252525253,-1555.25252525253,21800,18200,10
"80",-100,100,0,0,19900,20100,10
"81",-100,100,-200,200,19700,20300,10
"82",-789.393939393939,789.393939393939,-1010.60606060606,1010.60606060606,18200,21800,10
"83",100,-100,0,0,20100,19900,10
"84",101.212121212121,-101.212121212121,2598.78787878788,-2598.78787878788,22700,17300,10
"85",100,-100,200,-200,20300,19700,10
"86",100,-95.2333333333333,800,-804.766666666667,20900,19100,10
"87",-163.636363636364,163.636363636364,-136.363636363636,136.363636363636,19700,20300,10
"88",-100,100,0,0,19900,20100,10
"89",261.212121212121,-261.212121212121,338.787878787879,-338.787878787879,20600,19400,10
"90",377.474747474747,-377.474747474747,222.525252525253,-222.525252525253,20600,19400,10
"91",-107.373737373737,107.373737373737,-492.626262626263,492.626262626263,19400,20600,10
"92",-297.979797979798,297.979797979798,-302.020202020202,302.020202020202,19400,20600,10
"93",-172.727272727273,172.727272727273,-127.272727272727,127.272727272727,19700,20300,10
"94",-100,100,-200,200,19700,20300,10
"95",149.292929292929,-149.292929292929,450.707070707071,-450.707070707071,20600,19400,10
"96",-100,100,-200,200,19700,20300,10
"97",-647.272727272727,647.272727272727,-1152.72727272727,1152.72727272727,18200,21800,10
"98",100,-100,-100,100,20000,20000,10
"99",103.636363636364,-101.836363636364,96.3636363636364,-98.1636363636364,20200,19800,10
"100",356.363636363636,-356.363636363636,-356.363636363636,356.363636363636,20000,20000,10
"101",-259.79797979798,259.79797979798,59.7979797979798,-59.7979797979798,19800,20200,10
"102",-212.929292929293,212.929292929293,-387.070707070707,387.070707070707,19400,20600,10
"103",163.636363636364,-163.636363636364,736.363636363636,-736.363636363636,20900,19100,10
"104",-146.060606060606,146.060606060606,-53.9393939393939,53.9393939393939,19800,20200,10
"105",100,-100,200,-200,20300,19700,10
"106",100,-100,200,-200,20300,19700,10
"107",255.757575757576,-255.757575757576,1544.24242424242,-1544.24242424242,21800,18200,10
"108",-100,100,0,0,19900,20100,10
"109",145.454545454545,-145.454545454545,754.545454545455,-754.545454545455,20900,19100,10
"110",131.818181818182,-131.818181818182,768.181818181818,-768.181818181818,20900,19100,10
"111",-246.666666666667,262.9,-353.333333333333,337.1,19400,20600,10
"112",-178.383838383838,188.450505050505,-1621.61616161616,1611.5494949495,18200,21800,10
"113",-143.939393939394,143.939393939394,-456.060606060606,456.060606060606,19400,20600,10
"114",-100,100,-200,200,19700,20300,10
"115",-431.636363636364,431.636363636364,-3168.36363636364,3168.36363636364,16400,23600,10
"116",310.363636363636,-310.363636363636,3289.63636363636,-3289.63636363636,23600,16400,10
"117",-100,100,-200,200,19700,20300,10
"118",-233.232323232323,233.232323232323,-366.767676767677,366.767676767677,19400,20600,10
"119",100,-99.3666666666667,0,-0.633333333333333,20100,19900,10
"120",100,-100,200,-200,20300,19700,10
"121",100,-100,200,-200,20300,19700,10
"122",100,-100,0,0,20100,19900,10
"123",-100,100,-200,200,19700,20300,10
"124",276.767676767677,-276.767676767677,1523.23232323232,-1523.23232323232,21800,18200,10
"125",159.79797979798,-159.79797979798,440.20202020202,-440.20202020202,20600,19400,10
"126",-100,100,0,0,19900,20100,10
"127",100,-100,0,0,20100,19900,10
"128",-100,100,0,0,19900,20100,10
"129",100,-100,800,-800,20900,19100,10
"130",472.727272727273,-472.727272727273,427.272727272727,-427.272727272727,20900,19100,10
"131",140.10101010101,-140.10101010101,1659.89898989899,-1659.89898989899,21800,18200,10
"132",100,-100,200,-200,20300,19700,10
"133",100,-100,0,0,20100,19900,10
"134",100,-100,200,-200,20300,19700,10
"135",100,-100,800,-800,20900,19100,10
"136",100,-100,0,0,20100,19900,10
"137",-100,100,-200,200,19700,20300,10
"138",100,-100,800,-800,20900,19100,10
"139",100,-100,800,-800,20900,19100,10
"140",100,-100,0,0,20100,19900,10
"141",-100,100,100,-100,20000,20000,10
"142",-100,100,0,0,19900,20100,10
"143",-100,100,-200,200,19700,20300,10
"144",-100,100,0,0,19900,20100,10
"145",-100,100,-200,200,19700,20300,10
"146",-100,100,0,0,19900,20100,10
"147",123.636363636364,-123.636363636364,476.363636363636,-476.363636363636,20600,19400,10
"148",100,-100,200,-200,20300,19700,10
"149",-100,100,-200,200,19700,20300,10
"150",-258.686868686869,258.686868686869,-341.313131313131,341.313131313131,19400,20600,10
"151",127.272727272727,-127.272727272727,772.727272727273,-772.727272727273,20900,19100,10
"152",126.464646464646,-126.464646464646,473.535353535354,-473.535353535354,20600,19400,10
"153",115.151515151515,-87.1515151515151,784.848484848485,-812.848484848485,20900,19100,10
"154",-100,100,0,0,19900,20100,10
"155",100,-100,0,0,20100,19900,10
"156",168.181818181818,-168.181818181818,131.818181818182,-131.818181818182,20300,19700,10
"157",163.636363636364,-163.636363636364,736.363636363636,-736.363636363636,20900,19100,10
"158",161.010101010101,-161.010101010101,38.989898989899,-38.989898989899,20200,19800,10
"159",-100,100,0,0,19900,20100,10
"160",100,-100,200,-200,20300,19700,10
"161",181.414141414141,-181.414141414141,1618.58585858586,-1618.58585858586,21800,18200,10
"162",-190.909090909091,190.909090909091,-109.090909090909,109.090909090909,19700,20300,10
"163",147.575757575758,-147.575757575758,52.4242424242424,-52.4242424242424,20200,19800,10
"164",-100,100,-200,200,19700,20300,10
"165",100,-100,200,-200,20300,19700,10
"166",-100,100,0,0,19900,20100,10
"167",136.363636363636,-136.363636363636,763.636363636364,-763.636363636364,20900,19100,10
"168",-149.59595959596,149.59595959596,-50.4040404040404,50.4040404040404,19800,20200,10
"169",187.878787878788,-187.878787878788,12.1212121212121,-12.1212121212121,20200,19800,10
"170",-431.818181818182,431.818181818182,131.818181818182,-131.818181818182,19700,20300,10
"171",218.181818181818,-218.181818181818,81.8181818181818,-81.8181818181818,20300,19700,10
"172",181.414141414141,-181.414141414141,1618.58585858586,-1618.58585858586,21800,18200,10
"173",150,-150,450,-450,20600,19400,10
"174",254.848484848485,-254.848484848485,345.151515151515,-345.151515151515,20600,19400,10
"175",181.818181818182,-181.818181818182,718.181818181818,-718.181818181818,20900,19100,10
"176",100,-100,200,-200,20300,19700,10
"177",-100,100,0,0,19900,20100,10
"178",102.424242424242,-102.424242424242,2597.57575757576,-2597.57575757576,22700,17300,10
"179",-100,100,-200,200,19700,20300,10
"180",-409.090909090909,409.090909090909,109.090909090909,-109.090909090909,19700,20300,10
"181",-100,100,-200,200,19700,20300,10
"182",-100,100,-200,200,19700,20300,10
"183",-386.262626262626,386.262626262626,-1413.73737373737,1413.73737373737,18200,21800,10
"184",-254.545454545455,254.545454545455,-45.4545454545455,45.4545454545455,19700,20300,10
"185",-200,200,-100,100,19700,20300,10
"186",100,-100,200,-200,20300,19700,10
"187",-372.727272727273,372.727272727273,72.7272727272727,-72.7272727272727,19700,20300,10
"188",100,-100,0,0,20100,19900,10
"189",-250.707070707071,250.707070707071,-349.292929292929,349.292929292929,19400,20600,10
"190",488.686868686869,-461.586868686869,2211.31313131313,-2238.41313131313,22700,17300,10
"191",100,-100,200,-200,20300,19700,10
"192",-1031.11111111111,1031.11111111111,-768.888888888889,768.888888888889,18200,21800,10
"193",-100,100,0,0,19900,20100,10
"194",100,-100,0,0,20100,19900,10
"195",105.858585858586,-105.858585858586,94.1414141414141,-94.1414141414141,20200,19800,10
"196",157.373737373737,-157.373737373737,442.626262626263,-442.626262626263,20600,19400,10
"197",100,-100,0,0,20100,19900,10
"198",118.181818181818,-118.181818181818,781.818181818182,-781.818181818182,20900,19100,10
"199",154.545454545455,-154.545454545455,745.454545454545,-745.454545454545,20900,19100,10
"200",-100,100,-200,200,19700,20300,10
"201",-154.545454545455,154.545454545455,-145.454545454545,145.454545454545,19700,20300,10
"202",-282.424242424242,282.424242424242,-317.575757575758,317.575757575758,19400,20600,10
"203",100,-100,0,0,20100,19900,10
"204",135.353535353535,-135.353535353535,64.6464646464646,-64.6464646464646,20200,19800,10
"205",691.010101010101,-691.010101010101,1108.9898989899,-1108.9898989899,21800,18200,10
"206",-181.818181818182,181.818181818182,-118.181818181818,118.181818181818,19700,20300,10
"207",-100,100,-200,200,19700,20300,10
"208",-100,100,-200,200,19700,20300,10
"209",-154.545454545455,154.545454545455,-145.454545454545,145.454545454545,19700,20300,10
"210",154.747474747475,-154.747474747475,45.2525252525253,-45.2525252525253,20200,19800,10
"211",162.626262626263,-162.626262626263,437.373737373737,-437.373737373737,20600,19400,10
"212",4.44089209850063e-16,0,0,0,20000,20000,10
"213",486.868686868687,-486.868686868687,2213.13131313131,-2213.13131313131,22700,17300,10
"214",100,-100,200,-200,20300,19700,10
"215",120.808080808081,-120.808080808081,479.191919191919,-479.191919191919,20600,19400,10
"216",-100,100,0,0,19900,20100,10
"217",-100,100,0,0,19900,20100,10
"218",100,-100,200,-200,20300,19700,10
"219",-100,100,-200,200,19700,20300,10
"220",-100,100,0,0,19900,20100,10
"221",-100,100,0,0,19900,20100,10
"222",163.636363636364,-163.636363636364,136.363636363636,-136.363636363636,20300,19700,10
"223",136.363636363636,-136.363636363636,763.636363636364,-763.636363636364,20900,19100,10
"224",-1994.30909090909,1994.30909090909,-1605.69090909091,1605.69090909091,16400,23600,10
"225",-100,100,-200,200,19700,20300,10
"226",-100,100,-200,200,19700,20300,10
"227",100,-100,0,0,20100,19900,10
"228",146.464646464646,-146.464646464646,453.535353535354,-453.535353535354,20600,19400,10
"229",-100,100,0,0,19900,20100,10
"230",345.454545454545,-345.454545454545,554.545454545455,-554.545454545455,20900,19100,10
"231",-7.105427357601e-15,7.105427357601e-15,0,0,20000,20000,10
"232",136.363636363636,-136.363636363636,763.636363636364,-763.636363636364,20900,19100,10
"233",117.575757575758,-117.575757575758,1682.42424242424,-1682.42424242424,21800,18200,10
"234",163.636363636364,-163.636363636364,736.363636363636,-736.363636363636,20900,19100,10
"235",158.080808080808,-158.080808080808,441.919191919192,-441.919191919192,20600,19400,10
"236",-181.818181818182,181.818181818182,-718.181818181818,718.181818181818,19100,20900,10
"237",100,-100,0,0,20100,19900,10
"238",-100,100,0,0,19900,20100,10
"239",-100,100,-200,200,19700,20300,10
"240",-100,100,-800,800,19100,20900,10
"241",135.151515151515,-135.151515151515,2564.84848484848,-2564.84848484848,22700,17300,10
"242",-397.272727272727,397.272727272727,-202.727272727273,202.727272727273,19400,20600,10
"243",-100,100,0,0,19900,20100,10
"244",-100,100,-200,200,19700,20300,10
"245",-100,100,-200,200,19700,20300,10
"246",-100,100,0,0,19900,20100,10
"247",100,-100,0,0,20100,19900,10
"248",186.363636363636,-186.363636363636,713.636363636364,-713.636363636364,20900,19100,10
"249",154.545454545455,-154.545454545455,145.454545454545,-145.454545454545,20300,19700,10
"250",-100,100,-200,200,19700,20300,10
"251",-100,100,-200,200,19700,20300,10
"252",-100,100,0,0,19900,20100,10
"253",-265.858585858586,265.858585858586,65.8585858585859,-65.8585858585859,19800,20200,10
"254",100,-100,200,-200,20300,19700,10
"255",-100,100,0,0,19900,20100,10
"256",100,-100,0,0,20100,19900,10
"257",-54.5454545454545,54.5454545454545,54.5454545454545,-54.5454545454545,20000,20000,10
"258",127.272727272727,-127.272727272727,772.727272727273,-772.727272727273,20900,19100,10
"259",100,-100,0,0,20100,19900,10
"260",-100,100,-200,200,19700,20300,10
"261",100,-100,200,-200,20300,19700,10
"262",263.636363636364,-263.636363636364,636.363636363636,-636.363636363636,20900,19100,10
"263",100,-100,200,-200,20300,19700,10
"264",-100,100,-200,200,19700,20300,10
"265",-445.454545454545,445.454545454545,145.454545454545,-145.454545454545,19700,20300,10
"266",-100,100,0,0,19900,20100,10
"267",188.686868686869,-188.686868686869,1611.31313131313,-1611.31313131313,21800,18200,10
"268",100,-100,200,-200,20300,19700,10
"269",-100,100,0,0,19900,20100,10
"270",100,-100,200,-200,20300,19700,10
"271",100,-100,0,0,20100,19900,10
"272",-100,100,0,0,19900,20100,10
"273",-200,200,-700,700,19100,20900,10
"274",154.545454545455,-154.545454545455,145.454545454545,-145.454545454545,20300,19700,10
"275",-113.636363636364,113.636363636364,113.636363636364,-113.636363636364,20000,20000,10
"276",-154.747474747475,154.747474747475,-1645.25252525253,1645.25252525253,18200,21800,10
"277",186.363636363636,-186.363636363636,713.636363636364,-713.636363636364,20900,19100,10
"278",109.494949494949,-109.494949494949,1690.50505050505,-1690.50505050505,21800,18200,10
"279",-100,100,-200,200,19700,20300,10
"280",-100,100,-200,200,19700,20300,10
"281",172.727272727273,-172.727272727273,727.272727272727,-727.272727272727,20900,19100,10
"282",100,-100,200,-200,20300,19700,10
"283",-100,100,0,0,19900,20100,10
"284",-100,100,0,0,19900,20100,10
"285",110.909090909091,-110.909090909091,489.090909090909,-489.090909090909,20600,19400,10
"286",-263.030303030303,263.030303030303,63.030303030303,-63.030303030303,19800,20200,10
"287",-28.7878787878788,28.7878787878788,28.7878787878788,-28.7878787878788,20000,20000,10
"288",-190.10101010101,190.10101010101,-2509.89898989899,2509.89898989899,17300,22700,10
"289",1279.65151515152,-1279.65151515152,9520.34848484848,-9520.34848484848,30800,9200,10
"290",-100,100,0,0,19900,20100,10
"291",157.575757575758,-157.575757575758,442.424242424242,-442.424242424242,20600,19400,10
"292",-154.545454545455,154.545454545455,-145.454545454545,145.454545454545,19700,20300,10
"293",100,-100,0,0,20100,19900,10
"294",154.545454545455,-154.545454545455,745.454545454545,-745.454545454545,20900,19100,10
"295",-970.30303030303,970.30303030303,-829.69696969697,829.69696969697,18200,21800,10
"296",-100,100,0,0,19900,20100,10
"297",-122.424242424242,122.424242424242,-477.575757575758,477.575757575758,19400,20600,10
"298",100,-100,200,-200,20300,19700,10
"299",-100,100,0,0,19900,20100,10
"300",-100,100,0,0,19900,20100,10
"301",-100,100,-200,200,19700,20300,10
"302",100,-100,200,-200,20300,19700,10
"303",100,-100,200,-200,20300,19700,10
"304",-428.888888888889,428.888888888889,-2271.11111111111,2271.11111111111,17300,22700,10
"305",-100,100,-200,200,19700,20300,10
"306",-196.565656565657,221.69898989899,-2503.43434343434,2478.30101010101,17300,22700,10
"307",-938.585858585859,938.585858585859,338.585858585859,-338.585858585859,19400,20600,10
"308",-100,100,0,0,19900,20100,10
"309",-154.545454545455,154.545454545455,-745.454545454545,745.454545454545,19100,20900,10
"310",-100,100,0,0,19900,20100,10
"311",362.525252525253,-362.525252525253,237.474747474747,-237.474747474747,20600,19400,10
"312",-7.105427357601e-15,7.105427357601e-15,0,0,20000,20000,10
"313",182.626262626263,-182.626262626263,417.373737373737,-417.373737373737,20600,19400,10
"314",100,-100,200,-200,20300,19700,10
"315",193.131313131313,-193.131313131313,406.868686868687,-406.868686868687,20600,19400,10
"316",100,-100,200,-200,20300,19700,10
"317",-100,124.833333333333,0,-24.8333333333333,19900,20100,10
"318",112.727272727273,-112.727272727273,487.272727272727,-487.272727272727,20600,19400,10
"319",357.777777777778,-357.777777777778,1442.22222222222,-1442.22222222222,21800,18200,10
"320",269.69696969697,-269.69696969697,2430.30303030303,-2430.30303030303,22700,17300,10
"321",-100,100,-200,200,19700,20300,10
"322",227.272727272727,-227.272727272727,72.7272727272727,-72.7272727272727,20300,19700,10
"323",-100,100,0,0,19900,20100,10
"324",-154.444444444444,154.444444444444,-45.5555555555556,45.5555555555555,19800,20200,10
"325",113.636363636364,-113.636363636364,786.363636363636,-786.363636363636,20900,19100,10
"326",-224.545454545455,224.545454545455,24.5454545454545,-24.5454545454545,19800,20200,10
"327",-100,100,0,0,19900,20100,10
"328",150.20202020202,-150.20202020202,49.7979797979798,-49.7979797979798,20200,19800,10
"329",100,-100,800,-800,20900,19100,10
"330",-100,100,0,0,19900,20100,10
"331",100,-100,800,-800,20900,19100,10
"332",5.32907051820075e-15,-1.77635683940025e-15,0,0,20000,20000,10
"333",203.232323232323,-203.232323232323,2496.76767676768,-2496.76767676768,22700,17300,10
"334",-100,100,0,0,19900,20100,10
"335",77.2727272727273,-77.2727272727273,-77.2727272727273,77.2727272727273,20000,20000,10
"336",-267.272727272727,267.272727272727,-1532.72727272727,1532.72727272727,18200,21800,10
"337",100,-100,0,0,20100,19900,10
"338",-100,100,0,0,19900,20100,10
"339",-135.050505050505,135.050505050505,-1664.94949494949,1664.94949494949,18200,21800,10
"340",-154.545454545455,154.545454545455,-145.454545454545,145.454545454545,19700,20300,10
"341",100,-100,0,0,20100,19900,10
"342",-100,100,0,0,19900,20100,10
"343",192.929292929293,-192.929292929293,2507.07070707071,-2507.07070707071,22700,17300,10
"344",100,-100,200,-200,20300,19700,10
"345",-136.363636363636,136.363636363636,-163.636363636364,163.636363636364,19700,20300,10
"346",-409.090909090909,409.090909090909,109.090909090909,-109.090909090909,19700,20300,10
"347",100,-100,200,-200,20300,19700,10
"348",-100,100,0,0,19900,20100,10
"349",-100,100,-200,200,19700,20300,10
"350",0,0,0,0,20000,20000,10
"351",181.818181818182,-181.818181818182,118.181818181818,-118.181818181818,20300,19700,10
"352",-163.636363636364,163.636363636364,-736.363636363636,736.363636363636,19100,20900,10
"353",163.636363636364,-163.636363636364,736.363636363636,-736.363636363636,20900,19100,10
"354",222.020202020202,-222.020202020202,2477.9797979798,-2477.9797979798,22700,17300,10
"355",-100,100,-200,200,19700,20300,10
"356",-100,100,-800,800,19100,20900,10
"357",133.636363636364,-133.636363636364,66.3636363636363,-66.3636363636364,20200,19800,10
"358",200,-200,700,-700,20900,19100,10
"359",100,-100,200,-200,20300,19700,10
"360",331.937373737374,-328.00404040404,2068.06262626263,-2071.99595959596,22400,17600,10
"361",185.757575757576,-185.757575757576,1614.24242424242,-1614.24242424242,21800,18200,10
"362",-263.131313131313,263.131313131313,-1536.86868686869,1536.86868686869,18200,21800,10
"363",-281.717171717172,281.717171717172,-1518.28282828283,1518.28282828283,18200,21800,10
"364",136.363636363636,-136.363636363636,763.636363636364,-763.636363636364,20900,19100,10
"365",100,-100,200,-200,20300,19700,10
"366",-100,100,-200,200,19700,20300,10
"367",-100,100,0,0,19900,20100,10
"368",-100,100,-200,200,19700,20300,10
"369",-100,100,0,0,19900,20100,10
"370",-100,100,0,0,19900,20100,10
"371",-100,100,0,0,19900,20100,10
"372",224.444444444445,-224.444444444444,2475.55555555556,-2475.55555555556,22700,17300,10
"373",100,-100,800,-800,20900,19100,10
"374",-227.272727272727,227.272727272727,-72.7272727272727,72.7272727272727,19700,20300,10
"375",-100,100,0,0,19900,20100,10
"376",118.181818181818,-118.181818181818,781.818181818182,-781.818181818182,20900,19100,10
"377",242.222222222222,-221.388888888889,2457.77777777778,-2478.61111111111,22700,17300,10
"378",100,-100,0,0,20100,19900,10
"379",-100,100,0,0,19900,20100,10
"380",-445.454545454545,445.454545454545,-454.545454545455,454.545454545455,19100,20900,10
"381",102.222222222222,-65.4888888888889,97.7777777777778,-134.511111111111,20200,19800,10
"382",100,-95.2333333333333,200,-204.766666666667,20300,19700,10
"383",372.727272727273,-372.727272727273,527.272727272727,-527.272727272727,20900,19100,10
"384",-100,100,0,0,19900,20100,10
"385",-100,100,-800,800,19100,20900,10
"386",-100,100,0,0,19900,20100,10
"387",100,-100,0,0,20100,19900,10
"388",136.767676767677,-136.767676767677,463.232323232323,-463.232323232323,20600,19400,10
"389",-141.515151515152,141.515151515152,-458.484848484848,458.484848484848,19400,20600,10
"390",-100,100,0,0,19900,20100,10
"391",107.676767676768,-107.676767676768,2592.32323232323,-2592.32323232323,22700,17300,10
"392",100,-100,0,0,20100,19900,10
"393",105.959595959596,-105.959595959596,494.040404040404,-494.040404040404,20600,19400,10
"394",100,-100,200,-200,20300,19700,10
"395",-145.454545454545,145.454545454545,-154.545454545455,154.545454545455,19700,20300,10
"396",115.959595959596,-99.3929292929293,484.040404040404,-500.607070707071,20600,19400,10
"397",176.161616161616,-176.161616161616,423.838383838384,-423.838383838384,20600,19400,10
"398",266.5,-266.5,133.5,-133.5,20400,19600,10
"399",-761.616161616162,761.616161616162,-1038.38383838384,1038.38383838384,18200,21800,10
"400",789.292929292929,-789.292929292929,1010.70707070707,-1010.70707070707,21800,18200,10
"401",148.080808080808,-148.080808080808,451.919191919192,-451.919191919192,20600,19400,10
"402",100,-100,0,0,20100,19900,10
"403",183.030303030303,-183.030303030303,416.969696969697,-416.969696969697,20600,19400,10
"404",127.272727272727,-127.272727272727,772.727272727273,-772.727272727273,20900,19100,10
"405",-100,100,-200,200,19700,20300,10
"406",331.414141414141,-331.414141414141,1468.58585858586,-1468.58585858586,21800,18200,10
"407",184.646464646465,-184.646464646465,1615.35353535354,-1615.35353535354,21800,18200,10
"408",-151.414141414141,151.414141414141,-448.585858585859,448.585858585859,19400,20600,10
"409",-993.535353535353,993.535353535353,-806.464646464646,806.464646464646,18200,21800,10
"410",-100,100,-200,200,19700,20300,10
"411",-107.070707070707,107.070707070707,-92.9292929292929,92.9292929292929,19800,20200,10
"412",-100,100,-200,200,19700,20300,10
"413",-227.272727272727,227.272727272727,-672.727272727273,672.727272727273,19100,20900,10
"414",-236.363636363636,236.363636363636,-63.6363636363637,63.6363636363637,19700,20300,10
"415",-327.272727272727,327.272727272727,27.2727272727273,-27.2727272727273,19700,20300,10
"416",449.494949494949,-449.494949494949,2250.50505050505,-2250.50505050505,22700,17300,10
"417",-100,100,0,0,19900,20100,10
"418",130.909090909091,-130.909090909091,69.0909090909091,-69.0909090909091,20200,19800,10
"419",130.10101010101,-130.10101010101,469.89898989899,-469.89898989899,20600,19400,10
"420",-100,100,0,0,19900,20100,10
"421",134.545454545455,-134.545454545455,465.454545454545,-465.454545454545,20600,19400,10
"422",-145.757575757576,145.757575757576,-454.242424242424,454.242424242424,19400,20600,10
"423",-154.545454545455,154.545454545455,-145.454545454545,145.454545454545,19700,20300,10
"424",-100,100,-200,200,19700,20300,10
"425",129.49494949495,-129.49494949495,2570.50505050505,-2570.50505050505,22700,17300,10
"426",100,-100,0,0,20100,19900,10
"427",-663.535353535354,663.535353535354,-1136.46464646465,1136.46464646465,18200,21800,10
"428",154.141414141414,-154.141414141414,1645.85858585859,-1645.85858585859,21800,18200,10
"429",-100,100,0,0,19900,20100,10
"430",-129.292929292929,129.292929292929,-70.7070707070707,70.7070707070707,19800,20200,10
"431",-163.636363636364,163.636363636364,-736.363636363636,736.363636363636,19100,20900,10
"432",454.545454545455,-454.545454545455,445.454545454545,-445.454545454545,20900,19100,10
"433",140.10101010101,-140.10101010101,459.89898989899,-459.89898989899,20600,19400,10
"434",387.979797979798,-387.979797979798,1412.0202020202,-1412.0202020202,21800,18200,10
"435",-100,100,0,0,19900,20100,10
"436",100,-100,200,-200,20300,19700,10
"437",224.242424242424,-224.242424242424,375.757575757576,-375.757575757576,20600,19400,10
"438",-100,100,0,0,19900,20100,10
"439",100,-100,800,-800,20900,19100,10
"440",113.636363636364,-113.636363636364,786.363636363636,-786.363636363636,20900,19100,10
"441",100,-100,200,-200,20300,19700,10
"442",-100,100,0,0,19900,20100,10
"443",-244.747474747475,244.747474747475,-1555.25252525253,1555.25252525253,18200,21800,10
"444",-100,100,0,0,19900,20100,10
"445",-100,100,-200,200,19700,20300,10
"446",147.373737373737,-147.373737373737,452.626262626263,-452.626262626263,20600,19400,10
"447",-181.818181818182,181.818181818182,-118.181818181818,118.181818181818,19700,20300,10
"448",100,-100,0,0,20100,19900,10
"449",360.808080808081,-360.808080808081,1439.19191919192,-1439.19191919192,21800,18200,10
"450",100,-100,200,-200,20300,19700,10
"451",227.272727272727,-227.272727272727,72.7272727272727,-72.7272727272727,20300,19700,10
"452",-200,200,-700,700,19100,20900,10
"453",-145.353535353535,145.353535353535,-54.6464646464647,54.6464646464647,19800,20200,10
"454",100,-100,800,-800,20900,19100,10
"455",409.090909090909,-409.090909090909,-109.090909090909,109.090909090909,20300,19700,10
"456",-100,100,0,0,19900,20100,10
"457",272.525252525253,-272.525252525253,327.474747474747,-327.474747474747,20600,19400,10
"458",172.727272727273,-172.727272727273,727.272727272727,-727.272727272727,20900,19100,10
"459",100,-100,800,-800,20900,19100,10
"460",181.414141414141,-181.414141414141,418.585858585859,-418.585858585859,20600,19400,10
"461",100,-100,200,-200,20300,19700,10
"462",118.787878787879,-118.787878787879,481.212121212121,-481.212121212121,20600,19400,10
"463",100,-100,0,0,20100,19900,10
"464",118.181818181818,-118.181818181818,781.818181818182,-781.818181818182,20900,19100,10
"465",255.959595959596,-255.959595959596,1544.0404040404,-1544.0404040404,21800,18200,10
"466",-150,150,-150,150,19700,20300,10
"467",100,-100,200,-200,20300,19700,10
"468",-791.313131313131,791.313131313131,-1008.68686868687,1008.68686868687,18200,21800,10
"469",127.272727272727,-127.272727272727,772.727272727273,-772.727272727273,20900,19100,10
"470",-300,300,0,0,19700,20300,10
"471",197.575757575758,-197.575757575758,402.424242424242,-402.424242424242,20600,19400,10
"472",-100,100,-200,200,19700,20300,10
"473",263.030303030303,-263.030303030303,1536.9696969697,-1536.9696969697,21800,18200,10
"474",-100,100,-200,200,19700,20300,10
"475",100,-100,0,0,20100,19900,10
"476",-100,100,0,0,19900,20100,10
"477",100,-100,0,0,20100,19900,10
"478",-100,100,0,0,19900,20100,10
"479",-100,100,0,0,19900,20100,10
"480",-163.636363636364,163.636363636364,-736.363636363636,736.363636363636,19100,20900,10
"481",-100,100,-200,200,19700,20300,10
"482",148.9,-115.2,3451.1,-3484.8,23600,16400,10
"483",-100,100,-200,200,19700,20300,10
"484",-100,100,0,0,19900,20100,10
"485",-100,100,0,0,19900,20100,10
"486",-100,100,0,0,19900,20100,10
"487",-409.090909090909,409.090909090909,-490.909090909091,490.909090909091,19100,20900,10
"488",-100,100,0,0,19900,20100,10
"489",100,-100,0,0,20100,19900,10
"490",120.808080808081,-120.808080808081,479.191919191919,-479.191919191919,20600,19400,10
"491",-100,100,-200,200,19700,20300,10
"492",-154.545454545455,154.545454545455,-145.454545454545,145.454545454545,19700,20300,10
"493",-100,100,-200,200,19700,20300,10
"494",119.393939393939,-119.393939393939,2580.60606060606,-2580.60606060606,22700,17300,10
"495",-253.636363636364,253.636363636364,-346.363636363636,346.363636363636,19400,20600,10
"496",181.818181818182,-181.818181818182,718.181818181818,-718.181818181818,20900,19100,10
"497",182.121212121212,-182.121212121212,417.878787878788,-417.878787878788,20600,19400,10
"498",-100,100,0,0,19900,20100,10
"499",301.949494949495,-300.949494949495,10498.0505050505,-10499.0505050505,30800,9200,10
"500",181.414141414141,-181.414141414141,1618.58585858586,-1618.58585858586,21800,18200,10
