marly_luck,marty_luck,marly_skill,marty_skill,marly_chip,marty_chip,marly_gain,marty_gain
100,-100,0,0,20100,19900,100,-100
100,-100,0,0,20100,19900,100,-100
100,-100,0,0,20100,19900,100,-100
-100,100,0,0,19900,20100,-100,100
-100,100,0,0,19900,20100,-100,100
100,-100,0,0,20100,19900,100,-100
-100,100,0,0,19900,20100,-100,100
-100,100,0,0,19900,20100,-100,100
100,-100,0,0,20100,19900,100,-100
100,-100,0,0,20100,19900,100,-100
100,-100,0,0,20100,19900,100,-100
100,-98.7,0,-1.3,20100,19900,100,-100
100,-100,0,0,20100,19900,100,-100
-100,100,0,0,19900,20100,-100,100
0,0,0,0,20000,20000,0,0
-100,100,0,0,19900,20100,-100,100
-93.18181818,93.18181818,20093.18182,-20093.18182,40000,0,20000,-20000
100,-100,0,0,20100,19900,100,-100
-100,100,20100,-20100,40000,0,20000,-20000
100,-100,0,0,20100,19900,100,-100
100,-100,0,0,20100,19900,100,-100
-100,100,0,0,19900,20100,-100,100
100,-100,0,0,20100,19900,100,-100
100,-100,0,0,20100,19900,100,-100
100,-100,0,0,20100,19900,100,-100
-100,100,0,0,19900,20100,-100,100
100,-100,0,0,20100,19900,100,-100
-100,100,-19900,19900,0,40000,-20000,20000
100,-100,0,0,20100,19900,100,-100
-100,100,0,0,19900,20100,-100,100
100,-100,0,0,20100,19900,100,-100
-100,100,0,0,19900,20100,-100,100
100,-100,0,0,20100,19900,100,-100
-1.42E-14,0,0,0,20000,20000,0,0
100,-100,0,0,20100,19900,100,-100
100,-100,0,0,20100,19900,100,-100
3.55E-15,-3.55E-15,0,0,20000,20000,0,0
100,-100,0,0,20100,19900,100,-100
-100,100,0,0,19900,20100,-100,100
100,-100,0,0,20100,19900,100,-100
100,-100,0,0,20100,19900,100,-100
100,-100,0,0,20100,19900,100,-100
-100,100,0,0,19900,20100,-100,100
100,-100,0,0,20100,19900,100,-100
100,-100,0,0,20100,19900,100,-100
100,-100,0,0,20100,19900,100,-100
-7.11E-15,7.11E-15,0,0,20000,20000,0,0
100,-100,0,0,20100,19900,100,-100
-100,100,0,0,19900,20100,-100,100
100,-100,0,0,20100,19900,100,-100
-100,100,0,0,19900,20100,-100,100
-3.55E-15,3.55E-15,0,0,20000,20000,0,0
1.42E-14,-1.42E-14,20000,-20000,40000,0,20000,-20000
100,-100,0,0,20100,19900,100,-100
-100,100,0,0,19900,20100,-100,100
100,-100,0,0,20100,19900,100,-100
100,-100,0,0,20100,19900,100,-100
-100,100,0,0,19900,20100,-100,100
-100,100,20100,-20100,40000,0,20000,-20000
100,-100,0,0,20100,19900,100,-100
-100,100,0,0,19900,20100,-100,100
-100,100,-19900,19900,0,40000,-20000,20000
-100,100,0,0,19900,20100,-100,100
100,-100,0,0,20100,19900,100,-100
-100,100,20100,-20100,40000,0,20000,-20000
100,-100,0,0,20100,19900,100,-100
-100,100,0,0,19900,20100,-100,100
100,-98.3,0,-1.7,20100,19900,100,-100
-100,100,0,0,19900,20100,-100,100
-100,100,0,0,19900,20100,-100,100
100,-100,0,0,20100,19900,100,-100
100,-100,0,0,20100,19900,100,-100
100,-100,0,0,20100,19900,100,-100
100,-100,0,0,20100,19900,100,-100
-97.26666667,100,-2.733333333,0,19900,20100,-100,100
-100,100,0,0,19900,20100,-100,100
-100,100,0,0,19900,20100,-100,100
-100,100,0,0,19900,20100,-100,100
-100,100,0,0,19900,20100,-100,100
100,-100,0,0,20100,19900,100,-100
-100,100,0,0,19900,20100,-100,100
-100,100,0,0,19900,20100,-100,100
100,-100,0,0,20100,19900,100,-100
100,-100,0,0,20100,19900,100,-100
100,-100,0,0,20100,19900,100,-100
100,-100,0,0,20100,19900,100,-100
-100,100,0,0,19900,20100,-100,100
-100,100,0,0,19900,20100,-100,100
-100,100,0,0,19900,20100,-100,100
100,-100,0,0,20100,19900,100,-100
-100,100,20100,-20100,40000,0,20000,-20000
-100,100,-19900,19900,0,40000,-20000,20000
100,-100,0,0,20100,19900,100,-100
-100,100,0,0,19900,20100,-100,100
100,-100,0,0,20100,19900,100,-100
-100,100,0,0,19900,20100,-100,100
-100,100,0,0,19900,20100,-100,100
100,-100,0,0,20100,19900,100,-100
100,-100,0,0,20100,19900,100,-100
100,-100,0,0,20100,19900,100,-100
100,-100,0,0,20100,19900,100,-100
-100,100,0,0,19900,20100,-100,100
-100,100,0,0,19900,20100,-100,100
-100,100,0,0,19900,20100,-100,100
-42.22222222,42.22222222,20042.22222,-20042.22222,40000,0,20000,-20000
-100,100,0,0,19900,20100,-100,100
-100,100,0,0,19900,20100,-100,100
-97.72727273,97.72727273,-19902.27273,19902.27273,0,40000,-20000,20000
-100,100,0,0,19900,20100,-100,100
-100,100,0,0,19900,20100,-100,100
-100,100,0,0,19900,20100,-100,100
-100,100,0,0,19900,20100,-100,100
-100,100,0,0,19900,20100,-100,100
100,-100,0,0,20100,19900,100,-100
100,-100,0,0,20100,19900,100,-100
100,-100,0,0,20100,19900,100,-100
100,-100,0,0,20100,19900,100,-100
100,-82.66666667,0,-17.33333333,20100,19900,100,-100
-100,100,0,0,19900,20100,-100,100
-100,100,0,0,19900,20100,-100,100
100,-100,0,0,20100,19900,100,-100
100,-100,0,0,20100,19900,100,-100
-100,100,0,0,19900,20100,-100,100
-100,100,0,0,19900,20100,-100,100
-100,100,0,0,19900,20100,-100,100
100,-100,0,0,20100,19900,100,-100
-100,100,0,0,19900,20100,-100,100
-100,100,0,0,19900,20100,-100,100
-100,100,0,0,19900,20100,-100,100
-100,100,0,0,19900,20100,-100,100
-100,100,0,0,19900,20100,-100,100
-100,100,0,0,19900,20100,-100,100
3.55E-15,-3.55E-15,0,0,20000,20000,0,0
-100,100,0,0,19900,20100,-100,100
100,-100,0,0,20100,19900,100,-100
100,-100,0,0,20100,19900,100,-100
100,-100,0,0,20100,19900,100,-100
100,-100,0,0,20100,19900,100,-100
100,-100,0,0,20100,19900,100,-100
100,-100,0,0,20100,19900,100,-100
100,-100,0,0,20100,19900,100,-100
100,-100,0,0,20100,19900,100,-100
100,-100,0,0,20100,19900,100,-100
100,-100,0,0,20100,19900,100,-100
-100,100,0,0,19900,20100,-100,100
100,-100,0,0,20100,19900,100,-100
-100,100,0,0,19900,20100,-100,100
-1.42E-14,0,0,0,20000,20000,0,0
-100,100,0,0,19900,20100,-100,100
-7.11E-15,7.11E-15,0,0,20000,20000,0,0
-100,100,20100,-20100,40000,0,20000,-20000
-100,100,0,0,19900,20100,-100,100
-100,100,0,0,19900,20100,-100,100
100,-100,0,0,20100,19900,100,-100
100,-100,0,0,20100,19900,100,-100
100,-100,0,0,20100,19900,100,-100
-100,100,0,0,19900,20100,-100,100
100,-100,0,0,20100,19900,100,-100
-100,100,0,0,19900,20100,-100,100
100,-100,0,0,20100,19900,100,-100
100,-100,0,0,20100,19900,100,-100
100,-100,0,0,20100,19900,100,-100
-100,100,0,0,19900,20100,-100,100
-100,100,0,0,19900,20100,-100,100
116.5666667,-100,-16.56666667,0,20100,19900,100,-100
-100,100,0,0,19900,20100,-100,100
-100,100,0,0,19900,20100,-100,100
100,-100,0,0,20100,19900,100,-100
-100,100,20100,-20100,40000,0,20000,-20000
-100,112.4,0,-12.4,19900,20100,-100,100
100,-100,0,0,20100,19900,100,-100
-100,100,0,0,19900,20100,-100,100
100,-100,0,0,20100,19900,100,-100
-5.33E-15,5.33E-15,0,0,20000,20000,0,0
-100,100,0,0,19900,20100,-100,100
-93.18181818,93.18181818,-19906.81818,19906.81818,0,40000,-20000,20000
-100,100,0,0,19900,20100,-100,100
100,-100,0,0,20100,19900,100,-100
-100,100,0,0,19900,20100,-100,100
-100,100,0,0,19900,20100,-100,100
-100,100,0,0,19900,20100,-100,100
100,-100,0,0,20100,19900,100,-100
100,-100,0,0,20100,19900,100,-100
-100,100,0,0,19900,20100,-100,100
100,-100,0,0,20100,19900,100,-100
-100,100,0,0,19900,20100,-100,100
100,-100,0,0,20100,19900,100,-100
-100,100,0,0,19900,20100,-100,100
-100,100,0,0,19900,20100,-100,100
-100,100,0,0,19900,20100,-100,100
-100,100,0,0,19900,20100,-100,100
-100,100,0,0,19900,20100,-100,100
100,-100,0,0,20100,19900,100,-100
100,-100,0,0,20100,19900,100,-100
-100,100,0,0,19900,20100,-100,100
-100,100,0,0,19900,20100,-100,100
-100,100,0,0,19900,20100,-100,100
-100,100,0,0,19900,20100,-100,100
100,-100,0,0,20100,19900,100,-100
100,-100,0,0,20100,19900,100,-100
-100,100,0,0,19900,20100,-100,100
-100,100,0,0,19900,20100,-100,100
100,-100,0,0,20100,19900,100,-100
-100,100,0,0,19900,20100,-100,100
100,-100,0,0,20100,19900,100,-100
-100,100,0,0,19900,20100,-100,100
100,-100,0,0,20100,19900,100,-100
100,-100,0,0,20100,19900,100,-100
100,-100,0,0,20100,19900,100,-100
-100,100,0,0,19900,20100,-100,100
100,-100,0,0,20100,19900,100,-100
-100,100,0,0,19900,20100,-100,100
100,-100,0,0,20100,19900,100,-100
-100,100,-19900,19900,0,40000,-20000,20000
100,-100,0,0,20100,19900,100,-100
100,-100,0,0,20100,19900,100,-100
100,-100,0,0,20100,19900,100,-100
100,-100,0,0,20100,19900,100,-100
100,-100,0,0,20100,19900,100,-100
100,-100,0,0,20100,19900,100,-100
-100,100,0,0,19900,20100,-100,100
-100,100,0,0,19900,20100,-100,100
100,-100,0,0,20100,19900,100,-100
-75,75,-19925,19925,0,40000,-20000,20000
100,-100,0,0,20100,19900,100,-100
100,-100,0,0,20100,19900,100,-100
100,-100,0,0,20100,19900,100,-100
-100,100,0,0,19900,20100,-100,100
-100,100,20100,-20100,40000,0,20000,-20000
100,-100,0,0,20100,19900,100,-100
100,-100,0,0,20100,19900,100,-100
100,-100,0,0,20100,19900,100,-100
100,-100,0,0,20100,19900,100,-100
100,-100,0,0,20100,19900,100,-100
100,-100,0,0,20100,19900,100,-100
100,-100,0,0,20100,19900,100,-100
-100,100,0,0,19900,20100,-100,100
-100,100,-19900,19900,0,40000,-20000,20000
100,-100,0,0,20100,19900,100,-100
100,-100,0,0,20100,19900,100,-100
100,-100,0,0,20100,19900,100,-100
-100,100,0,0,19900,20100,-100,100
-100,100,20100,-20100,40000,0,20000,-20000
100,-100,0,0,20100,19900,100,-100
100,-100,0,0,20100,19900,100,-100
100,-100,0,0,20100,19900,100,-100
100,-100,0,0,20100,19900,100,-100
-100,100,0,0,19900,20100,-100,100
100,-100,0,0,20100,19900,100,-100
100,-100,0,0,20100,19900,100,-100
-100,100,0,0,19900,20100,-100,100
100,-100,0,0,20100,19900,100,-100
-100,100,0,0,19900,20100,-100,100
-100,100,0,0,19900,20100,-100,100
100,-100,0,0,20100,19900,100,-100
100,-100,0,0,20100,19900,100,-100
100,-100,0,0,20100,19900,100,-100
100,-100,0,0,20100,19900,100,-100
-100,100,0,0,19900,20100,-100,100
100,-100,0,0,20100,19900,100,-100
100,-100,0,0,20100,19900,100,-100
-86.36363636,86.36363636,-19913.63636,19913.63636,0,40000,-20000,20000
-100,100,0,0,19900,20100,-100,100
100,-100,0,0,20100,19900,100,-100
-100,100,0,0,19900,20100,-100,100
-56.1,56.1,-19943.9,19943.9,0,40000,-20000,20000
-100,100,0,0,19900,20100,-100,100
-100,100,0,0,19900,20100,-100,100
100,-100,0,0,20100,19900,100,-100
100,-100,0,0,20100,19900,100,-100
-100,100,0,0,19900,20100,-100,100
-100,100,0,0,19900,20100,-100,100
-100,100,20100,-20100,40000,0,20000,-20000
-100,100,0,0,19900,20100,-100,100
100,-100,0,0,20100,19900,100,-100
-100,100,0,0,19900,20100,-100,100
100,-100,0,0,20100,19900,100,-100
-100,100,0,0,19900,20100,-100,100
-21.56666667,21.56666667,20021.56667,-20021.56667,40000,0,20000,-20000
100,-80.13333333,0,-19.86666667,20100,19900,100,-100
100,-100,0,0,20100,19900,100,-100
-100,100,0,0,19900,20100,-100,100
-50,71.83333333,20050,-20071.83333,40000,0,20000,-20000
100,-100,0,0,20100,19900,100,-100
-100,100,0,0,19900,20100,-100,100
100,-100,0,0,20100,19900,100,-100
-56.86868687,56.86868687,20056.86869,-20056.86869,40000,0,20000,-20000
-100,100,0,0,19900,20100,-100,100
100,-100,0,0,20100,19900,100,-100
-100,100,0,0,19900,20100,-100,100
-100,100,0,0,19900,20100,-100,100
-100,100,0,0,19900,20100,-100,100
100,-100,0,0,20100,19900,100,-100
100,-100,0,0,20100,19900,100,-100
-100,100,0,0,19900,20100,-100,100
-100,100,0,0,19900,20100,-100,100
100,-100,0,0,20100,19900,100,-100
100,-100,0,0,20100,19900,100,-100
100,-100,0,0,20100,19900,100,-100
100,-100,0,0,20100,19900,100,-100
-100,100,0,0,19900,20100,-100,100
100,-100,-20100,20100,0,40000,-20000,20000
-100,100,0,0,19900,20100,-100,100
-100,100,-19900,19900,0,40000,-20000,20000
100,-100,0,0,20100,19900,100,-100
100,-100,0,0,20100,19900,100,-100
100,-100,0,0,20100,19900,100,-100
-100,100,0,0,19900,20100,-100,100
100,-100,0,0,20100,19900,100,-100
-100,100,0,0,19900,20100,-100,100
-100,100,0,0,19900,20100,-100,100
-100,100,0,0,19900,20100,-100,100
-100,100,0,0,19900,20100,-100,100
-100,100,0,0,19900,20100,-100,100
-100,100,0,0,19900,20100,-100,100
100,-100,0,0,20100,19900,100,-100
100,-100,0,0,20100,19900,100,-100
100,-100,0,0,20100,19900,100,-100
100,-100,0,0,20100,19900,100,-100
-100,100,0,0,19900,20100,-100,100
-100,100,0,0,19900,20100,-100,100
100,-100,0,0,20100,19900,100,-100
-100,100,20100,-20100,40000,0,20000,-20000
0,-1.42E-14,0,0,20000,20000,0,0
-100,100,0,0,19900,20100,-100,100
100,-76.83333333,0,-23.16666667,20100,19900,100,-100
-100,100,0,0,19900,20100,-100,100
-26.26666667,26.26666667,-19973.73333,19973.73333,0,40000,-20000,20000
100,-100,0,0,20100,19900,100,-100
100,-100,0,0,20100,19900,100,-100
100,-100,0,0,20100,19900,100,-100
-38.83333333,38.83333333,-19961.16667,19961.16667,0,40000,-20000,20000
100,-100,0,0,20100,19900,100,-100
100,-100,0,0,20100,19900,100,-100
-68.88888889,68.88888889,20068.88889,-20068.88889,40000,0,20000,-20000
100,-100,0,0,20100,19900,100,-100
100,-100,0,0,20100,19900,100,-100
100,-100,0,0,20100,19900,100,-100
-100,100,20100,-20100,40000,0,20000,-20000
100,-100,0,0,20100,19900,100,-100
-54.54545455,54.54545455,20054.54545,-20054.54545,40000,0,20000,-20000
-100,100,0,0,19900,20100,-100,100
100,-100,0,0,20100,19900,100,-100
-81.81818182,81.81818182,-19918.18182,19918.18182,0,40000,-20000,20000
100,-100,0,0,20100,19900,100,-100
-100,100,0,0,19900,20100,-100,100
-100,100,0,0,19900,20100,-100,100
-100,100,0,0,19900,20100,-100,100
100,-100,0,0,20100,19900,100,-100
100,-100,0,0,20100,19900,100,-100
-100,100,0,0,19900,20100,-100,100
-100,100,0,0,19900,20100,-100,100
100,-100,0,0,20100,19900,100,-100
100,-100,0,0,20100,19900,100,-100
100,-100,0,0,20100,19900,100,-100
-100,100,0,0,19900,20100,-100,100
-100,100,0,0,19900,20100,-100,100
-100,100,0,0,19900,20100,-100,100
-100,100,0,0,19900,20100,-100,100
-100,100,0,0,19900,20100,-100,100
-100,100,0,0,19900,20100,-100,100
100,-100,0,0,20100,19900,100,-100
100,-100,0,0,20100,19900,100,-100
-100,100,0,0,19900,20100,-100,100
-100,100,0,0,19900,20100,-100,100
-100,100,0,0,19900,20100,-100,100
-100,100,0,0,19900,20100,-100,100
-100,100,0,0,19900,20100,-100,100
100,-100,0,0,20100,19900,100,-100
-100,100,0,0,19900,20100,-100,100
100,-100,0,0,20100,19900,100,-100
100,-97.56666667,0,-2.433333333,20100,19900,100,-100
-100,100,0,0,19900,20100,-100,100
100,-100,0,0,20100,19900,100,-100
100,-100,0,0,20100,19900,100,-100
100,-97.53333333,0,-2.466666667,20100,19900,100,-100
-100,100,0,0,19900,20100,-100,100
-100,100,-19900,19900,0,40000,-20000,20000
-100,100,0,0,19900,20100,-100,100
100,-100,0,0,20100,19900,100,-100
-100,100,0,0,19900,20100,-100,100
100,-100,0,0,20100,19900,100,-100
100,-100,0,0,20100,19900,100,-100
100,-100,0,0,20100,19900,100,-100
-100,100,0,0,19900,20100,-100,100
100,-100,0,0,20100,19900,100,-100
-100,100,0,0,19900,20100,-100,100
-100,100,0,0,19900,20100,-100,100
-85.96666667,100,-14.03333333,0,19900,20100,-100,100
-100,100,0,0,19900,20100,-100,100
100,-100,0,0,20100,19900,100,-100
100,-100,0,0,20100,19900,100,-100
-7.11E-15,7.11E-15,0,0,20000,20000,0,0
100,-75.86666667,0,-24.13333333,20100,19900,100,-100
-100,100,0,0,19900,20100,-100,100
-6.22E-15,6.22E-15,-20000,20000,0,40000,-20000,20000
-100,100,20100,-20100,40000,0,20000,-20000
100,-100,0,0,20100,19900,100,-100
-100,100,0,0,19900,20100,-100,100
-100,100,0,0,19900,20100,-100,100
100,-100,0,0,20100,19900,100,-100
-100,100,0,0,19900,20100,-100,100
0,0,20000,-20000,40000,0,20000,-20000
100,-100,0,0,20100,19900,100,-100
100,-100,0,0,20100,19900,100,-100
-100,100,0,0,19900,20100,-100,100
-100,100,0,0,19900,20100,-100,100
-100,100,0,0,19900,20100,-100,100
100,-100,0,0,20100,19900,100,-100
-100,100,-19900,19900,0,40000,-20000,20000
7.11E-15,0,20000,-20000,40000,0,20000,-20000
-100,100,0,0,19900,20100,-100,100
100,-100,0,0,20100,19900,100,-100
100,-100,0,0,20100,19900,100,-100
100,-100,0,0,20100,19900,100,-100
100,-100,0,0,20100,19900,100,-100
-100,100,0,0,19900,20100,-100,100
100,-100,0,0,20100,19900,100,-100
-100,100,0,0,19900,20100,-100,100
100,-100,0,0,20100,19900,100,-100
100,-100,0,0,20100,19900,100,-100
-38.33333333,38.33333333,-19961.66667,19961.66667,0,40000,-20000,20000
100,-100,0,0,20100,19900,100,-100
-100,100,0,0,19900,20100,-100,100
100,-100,0,0,20100,19900,100,-100
100,-100,0,0,20100,19900,100,-100
100,-100,0,0,20100,19900,100,-100
-100,100,-19900,19900,0,40000,-20000,20000
-100,100,0,0,19900,20100,-100,100
-100,100,0,0,19900,20100,-100,100
-100,100,0,0,19900,20100,-100,100
-100,100,0,0,19900,20100,-100,100
100,-100,0,0,20100,19900,100,-100
100,-100,0,0,20100,19900,100,-100
100,-100,0,0,20100,19900,100,-100
100,-74.5,0,-25.5,20100,19900,100,-100
-100,100,0,0,19900,20100,-100,100
-64.13333333,64.13333333,-19935.86667,19935.86667,0,40000,-20000,20000
-100,100,0,0,19900,20100,-100,100
-100,100,0,0,19900,20100,-100,100
100,-100,0,0,20100,19900,100,-100
100,-100,0,0,20100,19900,100,-100
100,-100,0,0,20100,19900,100,-100
100,-100,0,0,20100,19900,100,-100
100,-100,0,0,20100,19900,100,-100
-100,100,0,0,19900,20100,-100,100
-100,100,0,0,19900,20100,-100,100
-100,100,0,0,19900,20100,-100,100
-96.16161616,96.16161616,20096.16162,-20096.16162,40000,0,20000,-20000
-100,100,0,0,19900,20100,-100,100
100,-100,0,0,20100,19900,100,-100
100,-100,0,0,20100,19900,100,-100
-100,100,0,0,19900,20100,-100,100
-5.77E-15,6.22E-15,0,0,20000,20000,0,0
100,-100,0,0,20100,19900,100,-100
100,-100,0,0,20100,19900,100,-100
-100,100,0,0,19900,20100,-100,100
100,-100,0,0,20100,19900,100,-100
0,0,0,0,20000,20000,0,0
100,-100,0,0,20100,19900,100,-100
-100,100,0,0,19900,20100,-100,100
-100,100,0,0,19900,20100,-100,100
5.33E-15,-5.33E-15,0,0,20000,20000,0,0
100,-100,0,0,20100,19900,100,-100
100,-100,0,0,20100,19900,100,-100
100,-100,0,0,20100,19900,100,-100
-100,100,0,0,19900,20100,-100,100
-1.42E-14,2.84E-14,-20000,20000,0,40000,-20000,20000
-100,100,0,0,19900,20100,-100,100
-86.36363636,86.36363636,-19913.63636,19913.63636,0,40000,-20000,20000
100,-100,0,0,20100,19900,100,-100
-100,100,0,0,19900,20100,-100,100
-100,100,0,0,19900,20100,-100,100
-100,100,0,0,19900,20100,-100,100
-54.54545455,54.54545455,20054.54545,-20054.54545,40000,0,20000,-20000
0,0,0,0,20000,20000,0,0
100,-100,0,0,20100,19900,100,-100
100,-100,0,0,20100,19900,100,-100
-100,100,0,0,19900,20100,-100,100
-100,100,0,0,19900,20100,-100,100
100,-100,0,0,20100,19900,100,-100
-23.53333333,23.53333333,-19976.46667,19976.46667,0,40000,-20000,20000
100,-100,0,0,20100,19900,100,-100
-100,100,-19900,19900,0,40000,-20000,20000
-100,100,0,0,19900,20100,-100,100
-100,100,0,0,19900,20100,-100,100
100,-100,0,0,20100,19900,100,-100
-100,100,0,0,19900,20100,-100,100
100,-100,0,0,20100,19900,100,-100
100,-100,0,0,20100,19900,100,-100
100,-100,0,0,20100,19900,100,-100
100,-100,0,0,20100,19900,100,-100
-100,100,0,0,19900,20100,-100,100
-100,100,0,0,19900,20100,-100,100
-100,100,20100,-20100,40000,0,20000,-20000
100,-100,0,0,20100,19900,100,-100
-100,100,20100,-20100,40000,0,20000,-20000
-100,100,0,0,19900,20100,-100,100
-100,100,0,0,19900,20100,-100,100
100,-100,0,0,20100,19900,100,-100
-100,100,0,0,19900,20100,-100,100
-100,100,0,0,19900,20100,-100,100
100,-100,0,0,20100,19900,100,-100
-100,100,0,0,19900,20100,-100,100
100,-100,0,0,20100,19900,100,-100
100,-100,0,0,20100,19900,100,-100
100,-100,0,0,20100,19900,100,-100
-100,100,-19900,19900,0,40000,-20000,20000
-93.18181818,93.18181818,20093.18182,-20093.18182,40000,0,20000,-20000
-100,100,0,0,19900,20100,-100,100
-95.45454545,95.45454545,20095.45455,-20095.45455,40000,0,20000,-20000
-100,100,-19900,19900,0,40000,-20000,20000
100,-100,0,0,20100,19900,100,-100
100,-100,0,0,20100,19900,100,-100
100,-100,0,0,20100,19900,100,-100
-100,100,0,0,19900,20100,-100,100
-100,100,0,0,19900,20100,-100,100
-100,100,0,0,19900,20100,-100,100
100,-100,0,0,20100,19900,100,-100
-100,100,0,0,19900,20100,-100,100
100,-100,0,0,20100,19900,100,-100
-75.46666667,75.46666667,-19924.53333,19924.53333,0,40000,-20000,20000
100,-100,0,0,20100,19900,100,-100
-100,100,0,0,19900,20100,-100,100
-100,100,0,0,19900,20100,-100,100
100,-100,-20100,20100,0,40000,-20000,20000
-100,100,0,0,19900,20100,-100,100
-100,100,0,0,19900,20100,-100,100
100,-100,0,0,20100,19900,100,-100
-81.81818182,81.81818182,-19918.18182,19918.18182,0,40000,-20000,20000
100,-100,0,0,20100,19900,100,-100
-100,100,0,0,19900,20100,-100,100
100,-100,0,0,20100,19900,100,-100
-100,100,0,0,19900,20100,-100,100
-28.6,28.6,20028.6,-20028.6,40000,0,20000,-20000
-100,100,0,0,19900,20100,-100,100
-100,100,20100,-20100,40000,0,20000,-20000
-100,100,0,0,19900,20100,-100,100
100,-100,0,0,20100,19900,100,-100
-100,100,0,0,19900,20100,-100,100
100,-100,0,0,20100,19900,100,-100
-100,100,0,0,19900,20100,-100,100
100,-100,0,0,20100,19900,100,-100
100,-100,0,0,20100,19900,100,-100
100,-100,0,0,20100,19900,100,-100
100,-100,0,0,20100,19900,100,-100
-100,100,0,0,19900,20100,-100,100
100,-100,0,0,20100,19900,100,-100
-63.63636364,63.63636364,20063.63636,-20063.63636,40000,0,20000,-20000
100,-100,0,0,20100,19900,100,-100
-100,100,0,0,19900,20100,-100,100
100,-100,0,0,20100,19900,100,-100
-100,100,0,0,19900,20100,-100,100
-100,100,-19900,19900,0,40000,-20000,20000
100,-100,0,0,20100,19900,100,-100
100,-100,0,0,20100,19900,100,-100
100,-100,0,0,20100,19900,100,-100
100,-100,0,0,20100,19900,100,-100
-100,100,0,0,19900,20100,-100,100
-100,100,0,0,19900,20100,-100,100
100,-100,0,0,20100,19900,100,-100
-100,100,0,0,19900,20100,-100,100
-100,100,0,0,19900,20100,-100,100
-100,100,0,0,19900,20100,-100,100
-100,100,0,0,19900,20100,-100,100
100,-100,0,0,20100,19900,100,-100
-35.8,35.8,20035.8,-20035.8,40000,0,20000,-20000
-100,100,0,0,19900,20100,-100,100
100,-100,0,0,20100,19900,100,-100
-100,100,0,0,19900,20100,-100,100
100,-100,0,0,20100,19900,100,-100
100,-100,0,0,20100,19900,100,-100
100,-100,0,0,20100,19900,100,-100
-100,100,0,0,19900,20100,-100,100
-100,100,0,0,19900,20100,-100,100
-100,100,0,0,19900,20100,-100,100
-100,100,0,0,19900,20100,-100,100
100,-100,0,0,20100,19900,100,-100
-100,100,0,0,19900,20100,-100,100
100,-100,0,0,20100,19900,100,-100
100,-100,0,0,20100,19900,100,-100
-63.63636364,63.63636364,-19936.36364,19936.36364,0,40000,-20000,20000
100,-100,0,0,20100,19900,100,-100
100,-82.36666667,0,-17.63333333,20100,19900,100,-100
100,-100,0,0,20100,19900,100,-100
100,-100,0,0,20100,19900,100,-100
100,-100,0,0,20100,19900,100,-100
4.00E-15,-3.55E-15,0,0,20000,20000,0,0
-100,100,20100,-20100,40000,0,20000,-20000
-95.45454545,95.45454545,-19904.54545,19904.54545,0,40000,-20000,20000
-100,100,0,0,19900,20100,-100,100
-100,100,0,0,19900,20100,-100,100
-100,100,0,0,19900,20100,-100,100
100,-100,0,0,20100,19900,100,-100
-100,100,20100,-20100,40000,0,20000,-20000
-100,100,-19900,19900,0,40000,-20000,20000
-100,100,0,0,19900,20100,-100,100
100,-100,0,0,20100,19900,100,-100
100,-100,0,0,20100,19900,100,-100
-100,100,-19900,19900,0,40000,-20000,20000
-100,100,0,0,19900,20100,-100,100
-100,100,0,0,19900,20100,-100,100
-100,100,0,0,19900,20100,-100,100
100,-100,0,0,20100,19900,100,-100
-100,100,0,0,19900,20100,-100,100
100,-100,0,0,20100,19900,100,-100
100,-100,0,0,20100,19900,100,-100
100,-100,0,0,20100,19900,100,-100
100,-100,0,0,20100,19900,100,-100
-100,100,0,0,19900,20100,-100,100
100,-100,0,0,20100,19900,100,-100
100,-100,0,0,20100,19900,100,-100
-100,100,20100,-20100,40000,0,20000,-20000
-100,100,0,0,19900,20100,-100,100
100,-100,0,0,20100,19900,100,-100
100,-100,0,0,20100,19900,100,-100
-100,100,0,0,19900,20100,-100,100
100,-100,0,0,20100,19900,100,-100
1.42E-14,0,0,0,20000,20000,0,0
-100,100,-19900,19900,0,40000,-20000,20000
100,-100,0,0,20100,19900,100,-100
-100,100,0,0,19900,20100,-100,100
100,-100,0,0,20100,19900,100,-100
-100,100,0,0,19900,20100,-100,100
100,-100,0,0,20100,19900,100,-100
-100,100,0,0,19900,20100,-100,100
-100,100,20100,-20100,40000,0,20000,-20000
100,-100,0,0,20100,19900,100,-100
-100,100,0,0,19900,20100,-100,100
-100,100,0,0,19900,20100,-100,100
-100,100,20100,-20100,40000,0,20000,-20000
-100,100,0,0,19900,20100,-100,100
100,-100,0,0,20100,19900,100,-100
-100,100,0,0,19900,20100,-100,100
-100,100,0,0,19900,20100,-100,100
100,-100,0,0,20100,19900,100,-100
100,-100,0,0,20100,19900,100,-100
-100,100,0,0,19900,20100,-100,100
100,-100,0,0,20100,19900,100,-100
-100,100,0,0,19900,20100,-100,100
-100,100,0,0,19900,20100,-100,100
-100,100,0,0,19900,20100,-100,100
-73.73333333,100,-26.26666667,0,19900,20100,-100,100
-100,100,0,0,19900,20100,-100,100
100,-100,0,0,20100,19900,100,-100
-3.55E-15,3.55E-15,0,0,20000,20000,0,0
-100,100,0,0,19900,20100,-100,100
100,-100,0,0,20100,19900,100,-100
-100,100,20100,-20100,40000,0,20000,-20000
100,-100,0,0,20100,19900,100,-100
100,-100,0,0,20100,19900,100,-100
100,-100,0,0,20100,19900,100,-100
-100,100,0,0,19900,20100,-100,100
-100,100,0,0,19900,20100,-100,100
100,-100,0,0,20100,19900,100,-100
100,-100,0,0,20100,19900,100,-100
-100,100,0,0,19900,20100,-100,100
-100,100,0,0,19900,20100,-100,100
100,-100,0,0,20100,19900,100,-100
-100,100,0,0,19900,20100,-100,100
-100,100,0,0,19900,20100,-100,100
100,-100,0,0,20100,19900,100,-100
100,-100,0,0,20100,19900,100,-100
100,-100,0,0,20100,19900,100,-100
-100,100,0,0,19900,20100,-100,100
100,-100,0,0,20100,19900,100,-100
-100,100,0,0,19900,20100,-100,100
-100,100,-19900,19900,0,40000,-20000,20000
7.11E-15,-6.66E-15,0,0,20000,20000,0,0
-100,100,0,0,19900,20100,-100,100
11.36666667,-11.36666667,19988.63333,-19988.63333,40000,0,20000,-20000
100,-100,0,0,20100,19900,100,-100
100,-100,0,0,20100,19900,100,-100
100,-100,0,0,20100,19900,100,-100
100,-100,0,0,20100,19900,100,-100
-100,100,0,0,19900,20100,-100,100
100,-100,0,0,20100,19900,100,-100
-100,100,0,0,19900,20100,-100,100
100,-100,0,0,20100,19900,100,-100
-100,100,0,0,19900,20100,-100,100
100,-100,0,0,20100,19900,100,-100
-100,100,0,0,19900,20100,-100,100
100,-100,0,0,20100,19900,100,-100
100,-100,0,0,20100,19900,100,-100
-100,100,0,0,19900,20100,-100,100
100,-100,0,0,20100,19900,100,-100
-100,100,0,0,19900,20100,-100,100
-100,100,0,0,19900,20100,-100,100
0,0,0,0,20000,20000,0,0
7.11E-15,7.11E-15,0,0,20000,20000,0,0
-100,100,0,0,19900,20100,-100,100
-100,100,0,0,19900,20100,-100,100
-100,100,0,0,19900,20100,-100,100
-100,100,0,0,19900,20100,-100,100
100,-100,0,0,20100,19900,100,-100
100,-100,0,0,20100,19900,100,-100
100,-100,0,0,20100,19900,100,-100
100,-100,0,0,20100,19900,100,-100
100,-100,0,0,20100,19900,100,-100
100,-100,-20100,20100,0,40000,-20000,20000
-38.96666667,38.96666667,20038.96667,-20038.96667,40000,0,20000,-20000
-100,100,0,0,19900,20100,-100,100
-100,100,0,0,19900,20100,-100,100
100,-100,0,0,20100,19900,100,-100
-81.2,100,-18.8,0,19900,20100,-100,100
-100,100,0,0,19900,20100,-100,100
100,-100,0,0,20100,19900,100,-100
-100,100,0,0,19900,20100,-100,100
-100,100,20100,-20100,40000,0,20000,-20000
100,-100,0,0,20100,19900,100,-100
100,-100,0,0,20100,19900,100,-100
100,-100,0,0,20100,19900,100,-100
-100,100,0,0,19900,20100,-100,100
0,0,0,0,20000,20000,0,0
-23.73333333,23.73333333,20023.73333,-20023.73333,40000,0,20000,-20000
100,-100,0,0,20100,19900,100,-100
-100,100,0,0,19900,20100,-100,100
100,-100,0,0,20100,19900,100,-100
100,-100,0,0,20100,19900,100,-100
-100,100,0,0,19900,20100,-100,100
-100,100,0,0,19900,20100,-100,100
100,-100,0,0,20100,19900,100,-100
100,-100,0,0,20100,19900,100,-100
100,-100,0,0,20100,19900,100,-100
-100,100,20100,-20100,40000,0,20000,-20000
100,-100,0,0,20100,19900,100,-100
100,-100,0,0,20100,19900,100,-100
100,-100,0,0,20100,19900,100,-100
-100,100,0,0,19900,20100,-100,100
100,-100,0,0,20100,19900,100,-100
100,-100,0,0,20100,19900,100,-100
-100,100,0,0,19900,20100,-100,100
-100,100,0,0,19900,20100,-100,100
100,-100,0,0,20100,19900,100,-100
100,-100,0,0,20100,19900,100,-100
-100,100,-19900,19900,0,40000,-20000,20000
100,-100,0,0,20100,19900,100,-100
100,-100,0,0,20100,19900,100,-100
100,-100,0,0,20100,19900,100,-100
-100,100,-19900,19900,0,40000,-20000,20000
-100,100,0,0,19900,20100,-100,100
-100,100,0,0,19900,20100,-100,100
-100,100,0,0,19900,20100,-100,100
-100,100,0,0,19900,20100,-100,100
100,-100,0,0,20100,19900,100,-100
100,-100,0,0,20100,19900,100,-100
-1.42E-14,1.42E-14,20000,-20000,40000,0,20000,-20000
100,-76.13333333,0,-23.86666667,20100,19900,100,-100
-100,100,0,0,19900,20100,-100,100
100,-100,0,0,20100,19900,100,-100
-100,100,20100,-20100,40000,0,20000,-20000
-100,103,0,-3,19900,20100,-100,100
-100,100,0,0,19900,20100,-100,100
100,-100,0,0,20100,19900,100,-100
-100,100,0,0,19900,20100,-100,100
-100,100,-19900,19900,0,40000,-20000,20000
100,-100,0,0,20100,19900,100,-100
-27.6,27.6,-19972.4,19972.4,0,40000,-20000,20000
-100,100,20100,-20100,40000,0,20000,-20000
100,-100,0,0,20100,19900,100,-100
100,-100,0,0,20100,19900,100,-100
100,-100,0,0,20100,19900,100,-100
-100,100,0,0,19900,20100,-100,100
-100,100,0,0,19900,20100,-100,100
100,-100,0,0,20100,19900,100,-100
-100,100,0,0,19900,20100,-100,100
-36.43333333,36.43333333,20036.43333,-20036.43333,40000,0,20000,-20000
100,-100,0,0,20100,19900,100,-100
100,-100,0,0,20100,19900,100,-100
-100,100,0,0,19900,20100,-100,100
100,-100,0,0,20100,19900,100,-100
100,-100,0,0,20100,19900,100,-100
-100,100,0,0,19900,20100,-100,100
100,-100,0,0,20100,19900,100,-100
100,-100,0,0,20100,19900,100,-100
100,-100,0,0,20100,19900,100,-100
-100,100,0,0,19900,20100,-100,100
-100,100,0,0,19900,20100,-100,100
-34.4,34.4,20034.4,-20034.4,40000,0,20000,-20000
100,-100,0,0,20100,19900,100,-100
-100,100,0,0,19900,20100,-100,100
-100,100,0,0,19900,20100,-100,100
-100,100,0,0,19900,20100,-100,100
-100,100,0,0,19900,20100,-100,100
100,-100,0,0,20100,19900,100,-100
100,-97.9,0,-2.1,20100,19900,100,-100
100,-100,0,0,20100,19900,100,-100
100,-100,0,0,20100,19900,100,-100
100,-100,0,0,20100,19900,100,-100
-100,100,0,0,19900,20100,-100,100
100,-100,0,0,20100,19900,100,-100
-94.24242424,94.24242424,-19905.75758,19905.75758,0,40000,-20000,20000
100,-100,0,0,20100,19900,100,-100
100,-100,0,0,20100,19900,100,-100
100,-100,0,0,20100,19900,100,-100
-100,100,0,0,19900,20100,-100,100
100,-100,0,0,20100,19900,100,-100
-100,100,0,0,19900,20100,-100,100
100,-100,0,0,20100,19900,100,-100
-100,100,0,0,19900,20100,-100,100
-100,100,0,0,19900,20100,-100,100
100,-78,0,-22,20100,19900,100,-100
100,-100,0,0,20100,19900,100,-100
100,-100,0,0,20100,19900,100,-100
100,-100,0,0,20100,19900,100,-100
100,-100,0,0,20100,19900,100,-100
-100,100,0,0,19900,20100,-100,100
-100,100,0,0,19900,20100,-100,100
-100,100,0,0,19900,20100,-100,100
100,-100,0,0,20100,19900,100,-100
-100,100,0,0,19900,20100,-100,100
-100,100,0,0,19900,20100,-100,100
100,-100,0,0,20100,19900,100,-100
0,0,0,0,20000,20000,0,0
-100,100,0,0,19900,20100,-100,100
100,-100,0,0,20100,19900,100,-100
100,-100,0,0,20100,19900,100,-100
-100,100,0,0,19900,20100,-100,100
-100,100,0,0,19900,20100,-100,100
-100,100,-19900,19900,0,40000,-20000,20000
-100,100,20100,-20100,40000,0,20000,-20000
-100,100,0,0,19900,20100,-100,100
100,-100,0,0,20100,19900,100,-100
-100,100,0,0,19900,20100,-100,100
100,-100,0,0,20100,19900,100,-100
100,-100,0,0,20100,19900,100,-100
-100,100,0,0,19900,20100,-100,100
100,-100,0,0,20100,19900,100,-100
100,-100,0,0,20100,19900,100,-100
-100,100,0,0,19900,20100,-100,100
100,-100,0,0,20100,19900,100,-100
-100,100,0,0,19900,20100,-100,100
100,-100,0,0,20100,19900,100,-100
-100,100,0,0,19900,20100,-100,100
100,-100,0,0,20100,19900,100,-100
-100,100,0,0,19900,20100,-100,100
-100,100,20100,-20100,40000,0,20000,-20000
-100,100,0,0,19900,20100,-100,100
1.42E-14,-1.42E-14,0,0,20000,20000,0,0
-47.33333333,47.33333333,-19952.66667,19952.66667,0,40000,-20000,20000
100,-100,0,0,20100,19900,100,-100
-100,100,0,0,19900,20100,-100,100
100,-100,0,0,20100,19900,100,-100
-100,100,0,0,19900,20100,-100,100
100,-100,0,0,20100,19900,100,-100
-100,100,0,0,19900,20100,-100,100
-31.4,31.4,20031.4,-20031.4,40000,0,20000,-20000
100,-100,0,0,20100,19900,100,-100
100,-100,0,0,20100,19900,100,-100
100,-100,0,0,20100,19900,100,-100
100,-100,0,0,20100,19900,100,-100
-100,100,0,0,19900,20100,-100,100
100,-100,0,0,20100,19900,100,-100
100,-100,0,0,20100,19900,100,-100
-100,100,0,0,19900,20100,-100,100
-100,100,0,0,19900,20100,-100,100
1.1,1.42E-14,-1.1,0,20000,20000,0,0
-100,100,0,0,19900,20100,-100,100
100,-100,0,0,20100,19900,100,-100
-100,100,0,0,19900,20100,-100,100
-100,100,20100,-20100,40000,0,20000,-20000
100,-100,0,0,20100,19900,100,-100
100,-100,0,0,20100,19900,100,-100
-86.36363636,86.36363636,-19913.63636,19913.63636,0,40000,-20000,20000
100,-100,0,0,20100,19900,100,-100
-100,100,-19900,19900,0,40000,-20000,20000
-100,100,20100,-20100,40000,0,20000,-20000
-100,100,0,0,19900,20100,-100,100
-100,100,0,0,19900,20100,-100,100
-38.76666667,38.76666667,-19961.23333,19961.23333,0,40000,-20000,20000
100,-100,0,0,20100,19900,100,-100
100,-100,0,0,20100,19900,100,-100
-100,100,0,0,19900,20100,-100,100
-100,100,0,0,19900,20100,-100,100
-100,100,0,0,19900,20100,-100,100
100,-100,0,0,20100,19900,100,-100
-100,100,0,0,19900,20100,-100,100
100,-100,0,0,20100,19900,100,-100
-95.53333333,100,-4.466666667,0,19900,20100,-100,100
100,-100,0,0,20100,19900,100,-100
-100,100,0,0,19900,20100,-100,100
100,-100,0,0,20100,19900,100,-100
-100,100,0,0,19900,20100,-100,100
-100,100,-19900,19900,0,40000,-20000,20000
100,-100,0,0,20100,19900,100,-100
-100,100,0,0,19900,20100,-100,100
-100,100,0,0,19900,20100,-100,100
100,-100,0,0,20100,19900,100,-100
100,-100,0,0,20100,19900,100,-100
100,-100,0,0,20100,19900,100,-100
100,-100,0,0,20100,19900,100,-100
-100,100,0,0,19900,20100,-100,100
-100,100,0,0,19900,20100,-100,100
100,-100,0,0,20100,19900,100,-100
-100,100,0,0,19900,20100,-100,100
-100,100,0,0,19900,20100,-100,100
-100,100,0,0,19900,20100,-100,100
-97.72727273,97.72727273,-19902.27273,19902.27273,0,40000,-20000,20000
-100,100,0,0,19900,20100,-100,100
-100,100,0,0,19900,20100,-100,100
100,-100,0,0,20100,19900,100,-100
100,-100,-20100,20100,0,40000,-20000,20000
7.11E-15,7.11E-15,0,0,20000,20000,0,0
100,-100,0,0,20100,19900,100,-100
-100,100,0,0,19900,20100,-100,100
100,-100,0,0,20100,19900,100,-100
-100,100,0,0,19900,20100,-100,100
-100,100,0,0,19900,20100,-100,100
-100,100,0,0,19900,20100,-100,100
100,-100,0,0,20100,19900,100,-100
-100,100,0,0,19900,20100,-100,100
-100,100,0,0,19900,20100,-100,100
100,-100,0,0,20100,19900,100,-100
-100,100,-19900,19900,0,40000,-20000,20000
-100,100,0,0,19900,20100,-100,100
-100,100,0,0,19900,20100,-100,100
100,-100,0,0,20100,19900,100,-100
-100,100,0,0,19900,20100,-100,100
100,-100,0,0,20100,19900,100,-100
100,-100,0,0,20100,19900,100,-100
100,-100,0,0,20100,19900,100,-100
100,-100,0,0,20100,19900,100,-100
100,-100,0,0,20100,19900,100,-100
-100,100,0,0,19900,20100,-100,100
-57.27272727,57.27272727,20057.27273,-20057.27273,40000,0,20000,-20000
100,-100,0,0,20100,19900,100,-100
-100,100,0,0,19900,20100,-100,100
-100,100,-19900,19900,0,40000,-20000,20000
100,-100,0,0,20100,19900,100,-100
1.78E-15,-1.78E-15,0,0,20000,20000,0,0
-100,100,20100,-20100,40000,0,20000,-20000
-100,100,0,0,19900,20100,-100,100
-100,100,0,0,19900,20100,-100,100
-100,100,0,0,19900,20100,-100,100
100,-100,0,0,20100,19900,100,-100
100,-100,0,0,20100,19900,100,-100
-73.4,100,-26.6,0,19900,20100,-100,100
-100,100,0,0,19900,20100,-100,100
100,-100,0,0,20100,19900,100,-100
-100,100,0,0,19900,20100,-100,100
100,-100,0,0,20100,19900,100,-100
100,-100,0,0,20100,19900,100,-100
-100,100,0,0,19900,20100,-100,100
-100,100,0,0,19900,20100,-100,100
-100,100,0,0,19900,20100,-100,100
-100,100,0,0,19900,20100,-100,100
-100,100,0,0,19900,20100,-100,100
-100,100,0,0,19900,20100,-100,100
100,-100,19900,-19900,40000,0,20000,-20000
-100,100,0,0,19900,20100,-100,100
100,-100,0,0,20100,19900,100,-100
100,-80.33333333,0,-19.66666667,20100,19900,100,-100
100,-100,0,0,20100,19900,100,-100
100,-100,0,0,20100,19900,100,-100
100,-100,0,0,20100,19900,100,-100
-100,100,0,0,19900,20100,-100,100
100,-100,0,0,20100,19900,100,-100
-100,100,0,0,19900,20100,-100,100
-8.88E-16,8.88E-16,0,0,20000,20000,0,0
100,-100,0,0,20100,19900,100,-100
100,-100,0,0,20100,19900,100,-100
-100,100,0,0,19900,20100,-100,100
113.1666667,-100,-13.16666667,0,20100,19900,100,-100
100,-100,0,0,20100,19900,100,-100
100,-100,0,0,20100,19900,100,-100
-100,100,0,0,19900,20100,-100,100
100,-100,0,0,20100,19900,100,-100
-100,100,0,0,19900,20100,-100,100
100,-100,0,0,20100,19900,100,-100
100,-100,0,0,20100,19900,100,-100
100,-100,0,0,20100,19900,100,-100
100,-100,0,0,20100,19900,100,-100
100,-100,0,0,20100,19900,100,-100
-100,100,0,0,19900,20100,-100,100
-94.63333333,100,20094.63333,-20100,40000,0,20000,-20000
-100,100,0,0,19900,20100,-100,100
74.83333333,-74.83333333,19925.16667,-19925.16667,40000,0,20000,-20000
-100,100,0,0,19900,20100,-100,100
100,-100,0,0,20100,19900,100,-100
100,-100,0,0,20100,19900,100,-100
100,-100,0,0,20100,19900,100,-100
-100,100,0,0,19900,20100,-100,100
0,-3.11E-15,0,0,20000,20000,0,0
100,-100,0,0,20100,19900,100,-100
-100,100,0,0,19900,20100,-100,100
100,-100,0,0,20100,19900,100,-100
0,0,0,0,20000,20000,0,0
100,-100,0,0,20100,19900,100,-100
-100,100,20100,-20100,40000,0,20000,-20000
-100,100,-19900,19900,0,40000,-20000,20000
100,-100,0,0,20100,19900,100,-100
-100,100,0,0,19900,20100,-100,100
100,-100,0,0,20100,19900,100,-100
-100,100,0,0,19900,20100,-100,100
100,-100,0,0,20100,19900,100,-100
-100,100,-19900,19900,0,40000,-20000,20000
100,-100,0,0,20100,19900,100,-100
-100,100,0,0,19900,20100,-100,100
-100,100,0,0,19900,20100,-100,100
100,-100,0,0,20100,19900,100,-100
100,-100,0,0,20100,19900,100,-100
100,-100,0,0,20100,19900,100,-100
100,-100,0,0,20100,19900,100,-100
100,-100,0,0,20100,19900,100,-100
100,-100,0,0,20100,19900,100,-100
-100,100,-19900,19900,0,40000,-20000,20000
1.42E-14,1.42E-14,20000,-20000,40000,0,20000,-20000
-100,100,0,0,19900,20100,-100,100
100,-100,0,0,20100,19900,100,-100
-100,100,0,0,19900,20100,-100,100
-100,100,0,0,19900,20100,-100,100
-100,100,0,0,19900,20100,-100,100
-1.42E-14,1.42E-14,0,0,20000,20000,0,0
100,-100,0,0,20100,19900,100,-100
-100,100,0,0,19900,20100,-100,100
-94.34343434,94.34343434,-19905.65657,19905.65657,0,40000,-20000,20000
-100,100,0,0,19900,20100,-100,100
-100,100,0,0,19900,20100,-100,100
-100,100,0,0,19900,20100,-100,100
-100,100,0,0,19900,20100,-100,100
-100,100,0,0,19900,20100,-100,100
-100,100,0,0,19900,20100,-100,100
100,-100,19900,-19900,40000,0,20000,-20000
100,-100,0,0,20100,19900,100,-100
100,-100,0,0,20100,19900,100,-100
100,-100,0,0,20100,19900,100,-100
-100,100,0,0,19900,20100,-100,100
-100,100,0,0,19900,20100,-100,100
-100,100,0,0,19900,20100,-100,100
-76.13333333,76.13333333,-19923.86667,19923.86667,0,40000,-20000,20000
100,-100,0,0,20100,19900,100,-100
-100,100,0,0,19900,20100,-100,100
-100,100,0,0,19900,20100,-100,100
-100,100,0,0,19900,20100,-100,100
-100,100,0,0,19900,20100,-100,100
100,-100,0,0,20100,19900,100,-100
-100,100,0,0,19900,20100,-100,100
100,-100,0,0,20100,19900,100,-100
100,-100,0,0,20100,19900,100,-100
-100,100,0,0,19900,20100,-100,100
-72.72727273,72.72727273,20072.72727,-20072.72727,40000,0,20000,-20000
-100,100,0,0,19900,20100,-100,100
7.11E-15,-7.11E-15,0,0,20000,20000,0,0
100,-100,0,0,20100,19900,100,-100
-100,100,0,0,19900,20100,-100,100
-100,100,-19900,19900,0,40000,-20000,20000
100,-100,0,0,20100,19900,100,-100
100,-100,0,0,20100,19900,100,-100
-100,100,0,0,19900,20100,-100,100
100,-100,0,0,20100,19900,100,-100
0,0,0,0,20000,20000,0,0
100,-100,0,0,20100,19900,100,-100
100,-100,0,0,20100,19900,100,-100
100,-100,0,0,20100,19900,100,-100
-100,100,0,0,19900,20100,-100,100
100,-100,0,0,20100,19900,100,-100
100,-100,0,0,20100,19900,100,-100
-68.18181818,68.18181818,-19931.81818,19931.81818,0,40000,-20000,20000
-100,100,0,0,19900,20100,-100,100
-100,100,0,0,19900,20100,-100,100
-100,100,0,0,19900,20100,-100,100
100,-100,0,0,20100,19900,100,-100
-100,100,0,0,19900,20100,-100,100
100,-100,0,0,20100,19900,100,-100
-100,100,20100,-20100,40000,0,20000,-20000
100,-100,0,0,20100,19900,100,-100
-100,100,0,0,19900,20100,-100,100
-100,100,0,0,19900,20100,-100,100
-84.09090909,84.09090909,20084.09091,-20084.09091,40000,0,20000,-20000
-100,100,0,0,19900,20100,-100,100
-100,100,0,0,19900,20100,-100,100
100,-100,0,0,20100,19900,100,-100
100,-100,0,0,20100,19900,100,-100
100,-100,0,0,20100,19900,100,-100
-100,100,0,0,19900,20100,-100,100
100,-100,0,0,20100,19900,100,-100
100,-100,0,0,20100,19900,100,-100
100,-94.76666667,0,-5.233333333,20100,19900,100,-100
-100,100,0,0,19900,20100,-100,100
-100,100,0,0,19900,20100,-100,100
-100,100,0,0,19900,20100,-100,100
100,-100,0,0,20100,19900,100,-100
-100,100,0,0,19900,20100,-100,100
-100,100,-19900,19900,0,40000,-20000,20000
-100,100,0,0,19900,20100,-100,100
-1.33E-15,1.78E-15,0,0,20000,20000,0,0
-100,100,0,0,19900,20100,-100,100
-100,100,0,0,19900,20100,-100,100
-100,100,0,0,19900,20100,-100,100
100,-84.6,0,-15.4,20100,19900,100,-100
100,-100,0,0,20100,19900,100,-100
100,-100,0,0,20100,19900,100,-100
100,-100,0,0,20100,19900,100,-100
100,-100,0,0,20100,19900,100,-100
-100,100,0,0,19900,20100,-100,100
-100,100,0,0,19900,20100,-100,100
-100,100,0,0,19900,20100,-100,100
100,-100,0,0,20100,19900,100,-100
100,-100,0,0,20100,19900,100,-100
-100,100,0,0,19900,20100,-100,100
100,-100,0,0,20100,19900,100,-100
100,-100,0,0,20100,19900,100,-100
-100,100,0,0,19900,20100,-100,100
0,0,0,0,20000,20000,0,0
-100,100,0,0,19900,20100,-100,100
-100,100,0,0,19900,20100,-100,100
100,-100,0,0,20100,19900,100,-100
100,-100,0,0,20100,19900,100,-100
-100,100,0,0,19900,20100,-100,100
100,-100,0,0,20100,19900,100,-100
-100,100,0,0,19900,20100,-100,100
100,-100,0,0,20100,19900,100,-100
100,-100,0,0,20100,19900,100,-100
100,-100,0,0,20100,19900,100,-100
100,-100,0,0,20100,19900,100,-100
-100,100,0,0,19900,20100,-100,100
-100,100,0,0,19900,20100,-100,100
-8.88E-15,-5.33E-15,0,0,20000,20000,0,0
100,-100,0,0,20100,19900,100,-100
-100,100,0,0,19900,20100,-100,100
-100,100,0,0,19900,20100,-100,100
-100,100,-19900,19900,0,40000,-20000,20000
100,-100,0,0,20100,19900,100,-100
-100,100,-19900,19900,0,40000,-20000,20000
-100,100,0,0,19900,20100,-100,100
-100,100,0,0,19900,20100,-100,100
-100,100,0,0,19900,20100,-100,100
-100,100,0,0,19900,20100,-100,100
100,-100,0,0,20100,19900,100,-100
100,-100,0,0,20100,19900,100,-100
-100,100,0,0,19900,20100,-100,100
100,-78.5,0,-21.5,20100,19900,100,-100
-100,100,0,0,19900,20100,-100,100
-100,100,-19900,19900,0,40000,-20000,20000
100,-100,0,0,20100,19900,100,-100
-100,100,0,0,19900,20100,-100,100
-100,100,20100,-20100,40000,0,20000,-20000
100,-100,0,0,20100,19900,100,-100
100,-100,0,0,20100,19900,100,-100
100,-100,0,0,20100,19900,100,-100
100,-100,0,0,20100,19900,100,-100
-100,100,0,0,19900,20100,-100,100
-100,100,0,0,19900,20100,-100,100
-100,100,0,0,19900,20100,-100,100
-100,100,0,0,19900,20100,-100,100
100,-100,0,0,20100,19900,100,-100
-100,100,0,0,19900,20100,-100,100
-100,100,0,0,19900,20100,-100,100
-100,100,0,0,19900,20100,-100,100
100,-100,0,0,20100,19900,100,-100
100,-100,0,0,20100,19900,100,-100
0,0,0,0,20000,20000,0,0
100,-100,0,0,20100,19900,100,-100
100,-100,0,0,20100,19900,100,-100
-100,100,0,0,19900,20100,-100,100
-100,100,0,0,19900,20100,-100,100
100,-100,0,0,20100,19900,100,-100
100,-100,0,0,20100,19900,100,-100
-99.13333333,100,-0.866666667,0,19900,20100,-100,100
100,-100,0,0,20100,19900,100,-100
1.42E-14,0,0,0,20000,20000,0,0
100,-100,0,0,20100,19900,100,-100
100,-100,0,0,20100,19900,100,-100
100,-100,0,0,20100,19900,100,-100
100,-100,0,0,20100,19900,100,-100
100,-100,0,0,20100,19900,100,-100
-100,100,0,0,19900,20100,-100,100
-1.42E-14,0,0,0,20000,20000,0,0
-100,100,0,0,19900,20100,-100,100
-100,118.2666667,0,-18.26666667,19900,20100,-100,100
-100,100,0,0,19900,20100,-100,100
-100,100,0,0,19900,20100,-100,100
3.55E-15,-3.55E-15,0,0,20000,20000,0,0
100,-100,0,0,20100,19900,100,-100
100,-100,0,0,20100,19900,100,-100
100,-100,0,0,20100,19900,100,-100
-78.96666667,100,-21.03333333,0,19900,20100,-100,100
100,-100,0,0,20100,19900,100,-100
-100,100,0,0,19900,20100,-100,100
-86.96969697,86.96969697,-19913.0303,19913.0303,0,40000,-20000,20000
-90.90909091,90.90909091,20090.90909,-20090.90909,40000,0,20000,-20000
100,-100,0,0,20100,19900,100,-100
-100,100,0,0,19900,20100,-100,100
-100,100,0,0,19900,20100,-100,100
100,-100,0,0,20100,19900,100,-100
-100,100,0,0,19900,20100,-100,100
-100,100,0,0,19900,20100,-100,100
0,3.55E-15,0,0,20000,20000,0,0
100,-100,0,0,20100,19900,100,-100
-100,100,-19900,19900,0,40000,-20000,20000
-100,100,0,0,19900,20100,-100,100
100,-100,0,0,20100,19900,100,-100
100,-100,0,0,20100,19900,100,-100
100,-100,0,0,20100,19900,100,-100
100,-100,0,0,20100,19900,100,-100
-100,100,0,0,19900,20100,-100,100
-100,100,0,0,19900,20100,-100,100
-100,100,0,0,19900,20100,-100,100
-6.22E-15,6.22E-15,0,0,20000,20000,0,0
100,-100,0,0,20100,19900,100,-100
-100,100,0,0,19900,20100,-100,100
-100,100,0,0,19900,20100,-100,100
-100,100,20100,-20100,40000,0,20000,-20000
100,-100,0,0,20100,19900,100,-100
100,-100,0,0,20100,19900,100,-100
100,-100,0,0,20100,19900,100,-100
100,-100,0,0,20100,19900,100,-100
100,-100,0,0,20100,19900,100,-100
-100,100,0,0,19900,20100,-100,100
100,-100,0,0,20100,19900,100,-100
100,-100,0,0,20100,19900,100,-100
-100,100,0,0,19900,20100,-100,100
100,-100,0,0,20100,19900,100,-100
100,-100,0,0,20100,19900,100,-100
100,-100,0,0,20100,19900,100,-100
-100,100,0,0,19900,20100,-100,100
100,-100,0,0,20100,19900,100,-100
-100,100,0,0,19900,20100,-100,100
-100,100,0,0,19900,20100,-100,100
100,-100,0,0,20100,19900,100,-100
100,-100,0,0,20100,19900,100,-100
-100,100,0,0,19900,20100,-100,100
100,-100,0,0,20100,19900,100,-100
100,-100,0,0,20100,19900,100,-100
-100,100,20100,-20100,40000,0,20000,-20000
-100,100,0,0,19900,20100,-100,100
100,-100,0,0,20100,19900,100,-100
-47.72727273,47.72727273,-19952.27273,19952.27273,0,40000,-20000,20000
-100,100,20100,-20100,40000,0,20000,-20000
100,-100,0,0,20100,19900,100,-100
100,-100,0,0,20100,19900,100,-100
-100,100,0,0,19900,20100,-100,100
100,-100,0,0,20100,19900,100,-100
100,-100,0,0,20100,19900,100,-100
100,-100,0,0,20100,19900,100,-100
100,-100,0,0,20100,19900,100,-100
100,-100,0,0,20100,19900,100,-100
100,-100,0,0,20100,19900,100,-100
100,-100,0,0,20100,19900,100,-100
-69.83333333,69.83333333,-19930.16667,19930.16667,0,40000,-20000,20000
100,-100,0,0,20100,19900,100,-100
100,-100,0,0,20100,19900,100,-100
-100,100,20100,-20100,40000,0,20000,-20000
-100,100,0,0,19900,20100,-100,100
-99.13333333,100,-0.866666667,0,19900,20100,-100,100
100,-100,0,0,20100,19900,100,-100
100,-100,0,0,20100,19900,100,-100
-100,100,0,0,19900,20100,-100,100
-100,100,20100,-20100,40000,0,20000,-20000
-100,100,0,0,19900,20100,-100,100
-100,100,0,0,19900,20100,-100,100
100,-100,0,0,20100,19900,100,-100
-100,100,0,0,19900,20100,-100,100
100,-100,0,0,20100,19900,100,-100
0,0,0,0,20000,20000,0,0
100,-100,0,0,20100,19900,100,-100
100,-100,0,0,20100,19900,100,-100
-50.76666667,50.76666667,-19949.23333,19949.23333,0,40000,-20000,20000
100,-100,0,0,20100,19900,100,-100
-100,100,0,0,19900,20100,-100,100
-50,67.66666667,20050,-20067.66667,40000,0,20000,-20000
100,-100,0,0,20100,19900,100,-100
-100,100,0,0,19900,20100,-100,100
100,-100,0,0,20100,19900,100,-100
-68.18181818,68.18181818,20068.18182,-20068.18182,40000,0,20000,-20000
100,-100,0,0,20100,19900,100,-100
100,-100,0,0,20100,19900,100,-100
-100,100,0,0,19900,20100,-100,100
-100,100,0,0,19900,20100,-100,100
-100,100,0,0,19900,20100,-100,100
100,-100,0,0,20100,19900,100,-100
-100,100,0,0,19900,20100,-100,100
-100,100,0,0,19900,20100,-100,100
-100,113,0,-13,19900,20100,-100,100
-100,100,20100,-20100,40000,0,20000,-20000
100,-100,0,0,20100,19900,100,-100
100,-100,0,0,20100,19900,100,-100
100,-100,0,0,20100,19900,100,-100
100,-100,0,0,20100,19900,100,-100
100,-100,0,0,20100,19900,100,-100
100,-100,0,0,20100,19900,100,-100
-100,100,0,0,19900,20100,-100,100
100,-100,0,0,20100,19900,100,-100
100,-100,0,0,20100,19900,100,-100
-100,100,20100,-20100,40000,0,20000,-20000
100,-100,0,0,20100,19900,100,-100
-100,100,0,0,19900,20100,-100,100
-100,100,0,0,19900,20100,-100,100
-100,100,0,0,19900,20100,-100,100
-4.44E-15,4.44E-15,0,0,20000,20000,0,0
100,-100,0,0,20100,19900,100,-100
-100,100,0,0,19900,20100,-100,100
100,-100,0,0,20100,19900,100,-100
-100,100,-19900,19900,0,40000,-20000,20000
-100,100,0,0,19900,20100,-100,100
100,-100,0,0,20100,19900,100,-100
100,-100,0,0,20100,19900,100,-100
-100,100,0,0,19900,20100,-100,100
-100,100,0,0,19900,20100,-100,100
0,-1.42E-14,0,0,20000,20000,0,0
100,-100,0,0,20100,19900,100,-100
-100,100,0,0,19900,20100,-100,100
100,-100,0,0,20100,19900,100,-100
100,-100,0,0,20100,19900,100,-100
-100,100,0,0,19900,20100,-100,100
-100,100,0,0,19900,20100,-100,100
100,-100,0,0,20100,19900,100,-100
100,-100,0,0,20100,19900,100,-100
100,-100,0,0,20100,19900,100,-100
100,-100,0,0,20100,19900,100,-100
100,-100,0,0,20100,19900,100,-100
100,-100,0,0,20100,19900,100,-100
-100,100,0,0,19900,20100,-100,100
100,-100,0,0,20100,19900,100,-100
100,-100,0,0,20100,19900,100,-100
-100,100,0,0,19900,20100,-100,100
-100,100,20100,-20100,40000,0,20000,-20000
100,-100,0,0,20100,19900,100,-100
-100,100,0,0,19900,20100,-100,100
100,-100,0,0,20100,19900,100,-100
-100,100,0,0,19900,20100,-100,100
100,-100,0,0,20100,19900,100,-100
100,-100,0,0,20100,19900,100,-100
0,0,0,0,20000,20000,0,0
100,-100,19900,-19900,40000,0,20000,-20000
100,-100,0,0,20100,19900,100,-100
100,-100,0,0,20100,19900,100,-100
6.22E-15,-6.22E-15,0,0,20000,20000,0,0
-33.83333333,33.83333333,20033.83333,-20033.83333,40000,0,20000,-20000
-100,100,0,0,19900,20100,-100,100
-100,100,20100,-20100,40000,0,20000,-20000
100,-100,0,0,20100,19900,100,-100
100,-100,0,0,20100,19900,100,-100
100,-100,0,0,20100,19900,100,-100
-86.93333333,100,-13.06666667,0,19900,20100,-100,100
100,-100,0,0,20100,19900,100,-100
-100,100,0,0,19900,20100,-100,100
100,-100,0,0,20100,19900,100,-100
-100,100,0,0,19900,20100,-100,100
-100,100,0,0,19900,20100,-100,100
-100,100,0,0,19900,20100,-100,100
100,-100,0,0,20100,19900,100,-100
100,-100,0,0,20100,19900,100,-100
-100,100,0,0,19900,20100,-100,100
100,-100,0,0,20100,19900,100,-100
100,-100,0,0,20100,19900,100,-100
-100,100,0,0,19900,20100,-100,100
100,-74.23333333,0,-25.76666667,20100,19900,100,-100
100,-100,0,0,20100,19900,100,-100
100,-100,0,0,20100,19900,100,-100
-100,100,0,0,19900,20100,-100,100
-100,100,0,0,19900,20100,-100,100
-100,100,0,0,19900,20100,-100,100
-100,100,0,0,19900,20100,-100,100
100,-100,0,0,20100,19900,100,-100
-100,100,0,0,19900,20100,-100,100
100,-100,0,0,20100,19900,100,-100
100,-100,0,0,20100,19900,100,-100
-100,100,0,0,19900,20100,-100,100
-100,100,-19900,19900,0,40000,-20000,20000
-100,100,20100,-20100,40000,0,20000,-20000
100,-100,0,0,20100,19900,100,-100
100,-100,0,0,20100,19900,100,-100
100,-100,0,0,20100,19900,100,-100
100,-100,0,0,20100,19900,100,-100
-100,100,0,0,19900,20100,-100,100
100,-100,0,0,20100,19900,100,-100
100,-100,0,0,20100,19900,100,-100
100,-100,0,0,20100,19900,100,-100
100,-100,0,0,20100,19900,100,-100
100,-100,0,0,20100,19900,100,-100
100,-100,0,0,20100,19900,100,-100
100,-100,0,0,20100,19900,100,-100
100,-100,0,0,20100,19900,100,-100
100,-100,0,0,20100,19900,100,-100
100,-100,0,0,20100,19900,100,-100
100,-100,0,0,20100,19900,100,-100
100,-100,0,0,20100,19900,100,-100
-100,100,0,0,19900,20100,-100,100
100,-100,0,0,20100,19900,100,-100
-99.09090909,99.09090909,20099.09091,-20099.09091,40000,0,20000,-20000
-100,100,0,0,19900,20100,-100,100
-98.98989899,98.98989899,20098.9899,-20098.9899,40000,0,20000,-20000
-100,100,0,0,19900,20100,-100,100
-100,100,0,0,19900,20100,-100,100
0,-1.42E-14,0,0,20000,20000,0,0
-100,100,20100,-20100,40000,0,20000,-20000
-100,100,-19900,19900,0,40000,-20000,20000
-63.63636364,63.63636364,20063.63636,-20063.63636,40000,0,20000,-20000
100,-100,0,0,20100,19900,100,-100
-100,100,0,0,19900,20100,-100,100
100,-100,0,0,20100,19900,100,-100
-100,100,0,0,19900,20100,-100,100
100,-100,0,0,20100,19900,100,-100
100,-100,0,0,20100,19900,100,-100
-100,100,0,0,19900,20100,-100,100
100,-100,0,0,20100,19900,100,-100
-100,100,-19900,19900,0,40000,-20000,20000
-100,100,0,0,19900,20100,-100,100
100,-100,0,0,20100,19900,100,-100
-100,100,0,0,19900,20100,-100,100
-100,100,0,0,19900,20100,-100,100
-100,100,0,0,19900,20100,-100,100
-100,100,-19900,19900,0,40000,-20000,20000
2.66E-15,-2.66E-15,0,0,20000,20000,0,0
100,-100,0,0,20100,19900,100,-100
-1.42E-14,1.42E-14,20000,-20000,40000,0,20000,-20000
100,-100,0,0,20100,19900,100,-100
-100,100,0,0,19900,20100,-100,100
100,-100,0,0,20100,19900,100,-100
-100,100,0,0,19900,20100,-100,100
100,-100,0,0,20100,19900,100,-100
100,-100,0,0,20100,19900,100,-100
-100,100,0,0,19900,20100,-100,100
100,-100,0,0,20100,19900,100,-100
100,-100,0,0,20100,19900,100,-100
1.78E-15,-1.78E-15,20000,-20000,40000,0,20000,-20000
100,-100,0,0,20100,19900,100,-100
94.64646465,-94.64646465,19905.35354,-19905.35354,40000,0,20000,-20000
100,-100,0,0,20100,19900,100,-100
100,-100,0,0,20100,19900,100,-100
-100,100,0,0,19900,20100,-100,100
7.11E-15,-7.11E-15,0,0,20000,20000,0,0
100,-100,0,0,20100,19900,100,-100
-100,100,0,0,19900,20100,-100,100
-100,100,0,0,19900,20100,-100,100
100,-100,0,0,20100,19900,100,-100
-100,100,0,0,19900,20100,-100,100
100,-100,0,0,20100,19900,100,-100
100,-100,0,0,20100,19900,100,-100
-100,100,0,0,19900,20100,-100,100
-100,100,0,0,19900,20100,-100,100
-46.16666667,46.16666667,20046.16667,-20046.16667,40000,0,20000,-20000
100,-100,0,0,20100,19900,100,-100
100,-100,0,0,20100,19900,100,-100
-100,100,0,0,19900,20100,-100,100
100,-100,0,0,20100,19900,100,-100
-100,100,0,0,19900,20100,-100,100
100,-100,0,0,20100,19900,100,-100
100,-100,0,0,20100,19900,100,-100
-100,100,0,0,19900,20100,-100,100
100,-100,0,0,20100,19900,100,-100
-100,100,20100,-20100,40000,0,20000,-20000
-100,100,0,0,19900,20100,-100,100
-100,100,0,0,19900,20100,-100,100
-100,100,-19900,19900,0,40000,-20000,20000
100,-100,0,0,20100,19900,100,-100
100,-100,0,0,20100,19900,100,-100
100,-100,0,0,20100,19900,100,-100
100,-100,0,0,20100,19900,100,-100
100,-100,0,0,20100,19900,100,-100
100,-100,0,0,20100,19900,100,-100
-94.1,100,-5.9,0,19900,20100,-100,100
100,-100,0,0,20100,19900,100,-100
-7.11E-15,7.11E-15,0,0,20000,20000,0,0
-100,100,0,0,19900,20100,-100,100
-100,100,0,0,19900,20100,-100,100
100,-100,0,0,20100,19900,100,-100
100,-100,0,0,20100,19900,100,-100
100,-100,0,0,20100,19900,100,-100
100,-100,0,0,20100,19900,100,-100
-100,100,0,0,19900,20100,-100,100
-100,100,0,0,19900,20100,-100,100
100,-100,0,0,20100,19900,100,-100
100,-100,0,0,20100,19900,100,-100
100,-100,0,0,20100,19900,100,-100
-100,100,0,0,19900,20100,-100,100
-100,100,-19900,19900,0,40000,-20000,20000
-100,100,0,0,19900,20100,-100,100
100,-100,0,0,20100,19900,100,-100
100,-100,0,0,20100,19900,100,-100
-100,100,0,0,19900,20100,-100,100
-100,100,0,0,19900,20100,-100,100
100,-100,0,0,20100,19900,100,-100
-100,100,0,0,19900,20100,-100,100
100,-100,0,0,20100,19900,100,-100
100,-100,0,0,20100,19900,100,-100
100,-100,0,0,20100,19900,100,-100
100,-100,0,0,20100,19900,100,-100
-93.18181818,103.3818182,-19906.81818,19896.61818,0,40000,-20000,20000
-100,100,20100,-20100,40000,0,20000,-20000
-93.18181818,93.18181818,-19906.81818,19906.81818,0,40000,-20000,20000
100,-100,0,0,20100,19900,100,-100
100,-100,0,0,20100,19900,100,-100
-100,100,20100,-20100,40000,0,20000,-20000
100,-100,0,0,20100,19900,100,-100
100,-100,0,0,20100,19900,100,-100
100,-100,0,0,20100,19900,100,-100
100,-100,0,0,20100,19900,100,-100
-100,100,0,0,19900,20100,-100,100
-41.26666667,41.26666667,20041.26667,-20041.26667,40000,0,20000,-20000
100,-100,0,0,20100,19900,100,-100
-100,100,0,0,19900,20100,-100,100
-100,100,0,0,19900,20100,-100,100
100,-100,0,0,20100,19900,100,-100
-100,100,0,0,19900,20100,-100,100
100,-100,0,0,20100,19900,100,-100
100,-100,0,0,20100,19900,100,-100
-100,100,20100,-20100,40000,0,20000,-20000
-100,100,0,0,19900,20100,-100,100
100,-100,0,0,20100,19900,100,-100
100,-100,0,0,20100,19900,100,-100
-100,100,0,0,19900,20100,-100,100
100,-100,0,0,20100,19900,100,-100
-100,100,0,0,19900,20100,-100,100
100,-100,0,0,20100,19900,100,-100
-100,100,0,0,19900,20100,-100,100
-100,100,0,0,19900,20100,-100,100
-100,100,0,0,19900,20100,-100,100
100,-100,0,0,20100,19900,100,-100
100,-100,0,0,20100,19900,100,-100
100,-100,0,0,20100,19900,100,-100
-100,100,0,0,19900,20100,-100,100
100,-78.16666667,0,-21.83333333,20100,19900,100,-100
100,-100,0,0,20100,19900,100,-100
-100,100,0,0,19900,20100,-100,100
-100,100,0,0,19900,20100,-100,100
100,-100,0,0,20100,19900,100,-100
-100,100,0,0,19900,20100,-100,100
100,-100,0,0,20100,19900,100,-100
-100,100,0,0,19900,20100,-100,100
100,-100,0,0,20100,19900,100,-100
100,-100,0,0,20100,19900,100,-100
100,-100,0,0,20100,19900,100,-100
-96.36363636,96.36363636,20096.36364,-20096.36364,40000,0,20000,-20000
0,0,0,0,20000,20000,0,0
-100,100,0,0,19900,20100,-100,100
-100,100,-19900,19900,0,40000,-20000,20000
100,-100,0,0,20100,19900,100,-100
-100,100,-19900,19900,0,40000,-20000,20000
100,-100,0,0,20100,19900,100,-100
-100,100,-19900,19900,0,40000,-20000,20000
-92.04848485,93.18181818,20092.04848,-20093.18182,40000,0,20000,-20000
-100,100,0,0,19900,20100,-100,100
-22.33333333,22.33333333,20022.33333,-20022.33333,40000,0,20000,-20000
-100,100,-19900,19900,0,40000,-20000,20000
-100,100,0,0,19900,20100,-100,100
-100,100,0,0,19900,20100,-100,100
100,-100,0,0,20100,19900,100,-100
100,-100,0,0,20100,19900,100,-100
-100,100,20100,-20100,40000,0,20000,-20000
1.42E-14,-7.11E-15,0,0,20000,20000,0,0
-100,100,0,0,19900,20100,-100,100
-100,100,0,0,19900,20100,-100,100
100,-100,0,0,20100,19900,100,-100
100,-100,0,0,20100,19900,100,-100
100,-100,0,0,20100,19900,100,-100
100,-100,0,0,20100,19900,100,-100
-100,100,0,0,19900,20100,-100,100
-100,100,0,0,19900,20100,-100,100
100,-100,0,0,20100,19900,100,-100
100,-100,0,0,20100,19900,100,-100
-87.07070707,87.07070707,20087.07071,-20087.07071,40000,0,20000,-20000
-93.63636364,93.63636364,-19906.36364,19906.36364,0,40000,-20000,20000
-100,100,0,0,19900,20100,-100,100
100,-100,0,0,20100,19900,100,-100
100,-100,0,0,20100,19900,100,-100
-100,100,0,0,19900,20100,-100,100
-100,100,0,0,19900,20100,-100,100
100,-100,0,0,20100,19900,100,-100
-50,75.63333333,20050,-20075.63333,40000,0,20000,-20000
100,-100,0,0,20100,19900,100,-100
100,-100,0,0,20100,19900,100,-100
-72.4,72.4,-19927.6,19927.6,0,40000,-20000,20000
-100,100,0,0,19900,20100,-100,100
-100,100,0,0,19900,20100,-100,100
100,-100,0,0,20100,19900,100,-100
-100,100,0,0,19900,20100,-100,100
-100,100,20100,-20100,40000,0,20000,-20000
100,-100,0,0,20100,19900,100,-100
-75,75,20075,-20075,40000,0,20000,-20000
-1.42E-14,0,0,0,20000,20000,0,0
-100,100,0,0,19900,20100,-100,100
100,-100,0,0,20100,19900,100,-100
-100,100,0,0,19900,20100,-100,100
100,-100,0,0,20100,19900,100,-100
-100,100,0,0,19900,20100,-100,100
100,-100,0,0,20100,19900,100,-100
100,-100,0,0,20100,19900,100,-100
100,-100,0,0,20100,19900,100,-100
-100,100,0,0,19900,20100,-100,100
-100,100,-19900,19900,0,40000,-20000,20000
-7.11E-15,7.11E-15,0,0,20000,20000,0,0
100,-100,0,0,20100,19900,100,-100
-100,100,0,0,19900,20100,-100,100
-17.6,17.6,-19982.4,19982.4,0,40000,-20000,20000
100,-100,0,0,20100,19900,100,-100
-100,100,0,0,19900,20100,-100,100
100,-100,0,0,20100,19900,100,-100
-96.36363636,96.36363636,-19903.63636,19903.63636,0,40000,-20000,20000
-100,100,0,0,19900,20100,-100,100
100,-100,0,0,20100,19900,100,-100
-100,100,0,0,19900,20100,-100,100
-100,100,0,0,19900,20100,-100,100
-100,100,0,0,19900,20100,-100,100
100,-100,0,0,20100,19900,100,-100
-100,100,0,0,19900,20100,-100,100
-100,100,0,0,19900,20100,-100,100
-97.72727273,97.72727273,20097.72727,-20097.72727,40000,0,20000,-20000
-100,100,0,0,19900,20100,-100,100
100,-100,0,0,20100,19900,100,-100
-100,100,0,0,19900,20100,-100,100
100,-100,0,0,20100,19900,100,-100
-100,100,-19900,19900,0,40000,-20000,20000
100,-100,0,0,20100,19900,100,-100
-100,100,0,0,19900,20100,-100,100
100,-100,0,0,20100,19900,100,-100
-100,100,-19900,19900,0,40000,-20000,20000
100,-100,0,0,20100,19900,100,-100
100,-100,0,0,20100,19900,100,-100
-100,100,0,0,19900,20100,-100,100
100,-100,0,0,20100,19900,100,-100
-100,100,20100,-20100,40000,0,20000,-20000
100,-100,0,0,20100,19900,100,-100
100,-100,0,0,20100,19900,100,-100
-100,100,-19900,19900,0,40000,-20000,20000
100,-100,19900,-19900,40000,0,20000,-20000
100,-100,0,0,20100,19900,100,-100
-93.43434343,93.43434343,20093.43434,-20093.43434,40000,0,20000,-20000
-100,100,0,0,19900,20100,-100,100
100,-100,0,0,20100,19900,100,-100
0,0,0,0,20000,20000,0,0
100,-100,0,0,20100,19900,100,-100
-100,100,0,0,19900,20100,-100,100
-100,100,0,0,19900,20100,-100,100
100,-100,0,0,20100,19900,100,-100
-100,100,0,0,19900,20100,-100,100
-100,100,-19900,19900,0,40000,-20000,20000
100,-100,0,0,20100,19900,100,-100
-64.7,64.7,-19935.3,19935.3,0,40000,-20000,20000
-50,69.33333333,20050,-20069.33333,40000,0,20000,-20000
-100,100,0,0,19900,20100,-100,100
-100,100,0,0,19900,20100,-100,100
-100,100,0,0,19900,20100,-100,100
-100,100,0,0,19900,20100,-100,100
100,-100,0,0,20100,19900,100,-100
-100,100,0,0,19900,20100,-100,100
100,-100,0,0,20100,19900,100,-100
100,-100,19900,-19900,40000,0,20000,-20000
-100,100,0,0,19900,20100,-100,100
-100,100,0,0,19900,20100,-100,100
-100,100,0,0,19900,20100,-100,100
100,-100,0,0,20100,19900,100,-100
-100,100,0,0,19900,20100,-100,100
100,-100,0,0,20100,19900,100,-100
100,-100,0,0,20100,19900,100,-100
-100,100,0,0,19900,20100,-100,100
-100,100,-19900,19900,0,40000,-20000,20000
-100,100,0,0,19900,20100,-100,100
100,-100,0,0,20100,19900,100,-100
-100,100,0,0,19900,20100,-100,100
100,-100,0,0,20100,19900,100,-100
100,-100,0,0,20100,19900,100,-100
-100,100,-19900,19900,0,40000,-20000,20000
100,-100,0,0,20100,19900,100,-100
-100,100,0,0,19900,20100,-100,100
100,-100,0,0,20100,19900,100,-100
100,-100,0,0,20100,19900,100,-100
100,-100,0,0,20100,19900,100,-100
100,-100,0,0,20100,19900,100,-100
-100,100,20100,-20100,40000,0,20000,-20000
-100,100,0,0,19900,20100,-100,100
-100,100,0,0,19900,20100,-100,100
100,-100,0,0,20100,19900,100,-100
100,-100,0,0,20100,19900,100,-100
100,-100,0,0,20100,19900,100,-100
-100,100,0,0,19900,20100,-100,100
-100,100,0,0,19900,20100,-100,100
-100,100,0,0,19900,20100,-100,100
-100,100,0,0,19900,20100,-100,100
100,-100,0,0,20100,19900,100,-100
-100,100,0,0,19900,20100,-100,100
100,-100,0,0,20100,19900,100,-100
100,-100,0,0,20100,19900,100,-100
-75.4,100,-24.6,0,19900,20100,-100,100
-100,100,0,0,19900,20100,-100,100
100,-100,0,0,20100,19900,100,-100
-2.22E-15,1.78E-15,0,0,20000,20000,0,0
100,-100,0,0,20100,19900,100,-100
-100,100,0,0,19900,20100,-100,100
-100,100,0,0,19900,20100,-100,100
-100,100,-19900,19900,0,40000,-20000,20000
-100,100,0,0,19900,20100,-100,100
100,-100,0,0,20100,19900,100,-100
100,-100,0,0,20100,19900,100,-100
100,-100,0,0,20100,19900,100,-100
-100,100,0,0,19900,20100,-100,100
-100,100,0,0,19900,20100,-100,100
100,-100,0,0,20100,19900,100,-100
-100,100,-19900,19900,0,40000,-20000,20000
-100,100,0,0,19900,20100,-100,100
-54.54545455,54.54545455,-19945.45455,19945.45455,0,40000,-20000,20000
100,-100,0,0,20100,19900,100,-100
100,-100,0,0,20100,19900,100,-100
-100,100,0,0,19900,20100,-100,100
100,-100,0,0,20100,19900,100,-100
100,-100,0,0,20100,19900,100,-100
100,-100,0,0,20100,19900,100,-100
-100,100,20100,-20100,40000,0,20000,-20000
100,-100,0,0,20100,19900,100,-100
-81.81818182,81.81818182,20081.81818,-20081.81818,40000,0,20000,-20000
-100,100,-19900,19900,0,40000,-20000,20000
-100,100,0,0,19900,20100,-100,100
-100,100,0,0,19900,20100,-100,100
-100,100,20100,-20100,40000,0,20000,-20000
100,-100,0,0,20100,19900,100,-100
100,-100,0,0,20100,19900,100,-100
-81.81818182,81.81818182,-19918.18182,19918.18182,0,40000,-20000,20000
0,0,20000,-20000,40000,0,20000,-20000
-100,100,0,0,19900,20100,-100,100
100,-100,0,0,20100,19900,100,-100
-100,100,0,0,19900,20100,-100,100
-100,100,0,0,19900,20100,-100,100
100,-100,0,0,20100,19900,100,-100
-21.5,21.5,20021.5,-20021.5,40000,0,20000,-20000
100,-81.26666667,0,-18.73333333,20100,19900,100,-100
-100,100,0,0,19900,20100,-100,100
-100,100,0,0,19900,20100,-100,100
0,-1.42E-14,0,0,20000,20000,0,0
100,-100,0,0,20100,19900,100,-100
100,-100,0,0,20100,19900,100,-100
-100,100,0,0,19900,20100,-100,100
-100,100,20100,-20100,40000,0,20000,-20000
-100,100,0,0,19900,20100,-100,100
-100,100,0,0,19900,20100,-100,100
100,-100,0,0,20100,19900,100,-100
100,-100,0,0,20100,19900,100,-100
100,-79.46666667,0,-20.53333333,20100,19900,100,-100
100,-100,0,0,20100,19900,100,-100
100,-100,0,0,20100,19900,100,-100
100,-100,0,0,20100,19900,100,-100
100,-100,0,0,20100,19900,100,-100
-100,100,0,0,19900,20100,-100,100
-100,100,0,0,19900,20100,-100,100
-81.81818182,81.81818182,20081.81818,-20081.81818,40000,0,20000,-20000
-65.9,65.9,-19934.1,19934.1,0,40000,-20000,20000
100,-100,0,0,20100,19900,100,-100
-100,100,0,0,19900,20100,-100,100
100,-100,0,0,20100,19900,100,-100
-100,100,0,0,19900,20100,-100,100
100,-100,0,0,20100,19900,100,-100
100,-100,0,0,20100,19900,100,-100
-100,100,0,0,19900,20100,-100,100
-100,100,0,0,19900,20100,-100,100
-100,100,0,0,19900,20100,-100,100
100,-100,0,0,20100,19900,100,-100
100,-100,0,0,20100,19900,100,-100
100,-100,0,0,20100,19900,100,-100
-100,100,0,0,19900,20100,-100,100
100,-100,0,0,20100,19900,100,-100
-50,64.76666667,20050,-20064.76667,40000,0,20000,-20000
-100,100,0,0,19900,20100,-100,100
100,-100,0,0,20100,19900,100,-100
-81.81818182,81.81818182,-19918.18182,19918.18182,0,40000,-20000,20000
-100,100,20100,-20100,40000,0,20000,-20000
100,-100,0,0,20100,19900,100,-100
1.07E-14,-1.07E-14,0,0,20000,20000,0,0
100,-100,0,0,20100,19900,100,-100
-100,100,0,0,19900,20100,-100,100
-100,100,0,0,19900,20100,-100,100
-100,100,0,0,19900,20100,-100,100
100,-100,0,0,20100,19900,100,-100
-100,100,0,0,19900,20100,-100,100
100,-100,0,0,20100,19900,100,-100
-36.86666667,36.86666667,20036.86667,-20036.86667,40000,0,20000,-20000
-28.33333333,28.33333333,-19971.66667,19971.66667,0,40000,-20000,20000
100,-100,0,0,20100,19900,100,-100
100,-100,0,0,20100,19900,100,-100
100,-100,0,0,20100,19900,100,-100
100,-100,0,0,20100,19900,100,-100
100,-100,0,0,20100,19900,100,-100
100,-100,0,0,20100,19900,100,-100
100,-100,0,0,20100,19900,100,-100
-100,100,0,0,19900,20100,-100,100
1.42E-14,0,20000,-20000,40000,0,20000,-20000
100,-100,0,0,20100,19900,100,-100
100,-100,0,0,20100,19900,100,-100
-100,100,0,0,19900,20100,-100,100
-100,100,0,0,19900,20100,-100,100
-100,100,0,0,19900,20100,-100,100
-100,100,0,0,19900,20100,-100,100
100,-100,0,0,20100,19900,100,-100
100,-100,0,0,20100,19900,100,-100
100,-100,0,0,20100,19900,100,-100
-100,100,0,0,19900,20100,-100,100
-100,100,0,0,19900,20100,-100,100
100,-100,0,0,20100,19900,100,-100
100,-100,0,0,20100,19900,100,-100
-1.42E-14,1.42E-14,20000,-20000,40000,0,20000,-20000
100,-100,0,0,20100,19900,100,-100
100,-100,0,0,20100,19900,100,-100
100,-100,0,0,20100,19900,100,-100
-100,100,20100,-20100,40000,0,20000,-20000
100,-100,0,0,20100,19900,100,-100
100,-100,0,0,20100,19900,100,-100
-88.63636364,88.63636364,-19911.36364,19911.36364,0,40000,-20000,20000
-100,100,20100,-20100,40000,0,20000,-20000
-100,100,0,0,19900,20100,-100,100
100,-100,0,0,20100,19900,100,-100
100,-100,0,0,20100,19900,100,-100
-100,100,0,0,19900,20100,-100,100
-100,100,0,0,19900,20100,-100,100
-100,100,0,0,19900,20100,-100,100
100,-100,0,0,20100,19900,100,-100
100,-100,0,0,20100,19900,100,-100
-100,100,0,0,19900,20100,-100,100
100,-100,19900,-19900,40000,0,20000,-20000
-100,100,0,0,19900,20100,-100,100
-96.66666667,96.66666667,20096.66667,-20096.66667,40000,0,20000,-20000
-100,100,-19900,19900,0,40000,-20000,20000
100,-100,0,0,20100,19900,100,-100
100,-100,0,0,20100,19900,100,-100
-68.18181818,68.18181818,20068.18182,-20068.18182,40000,0,20000,-20000
100,-100,0,0,20100,19900,100,-100
100,-100,0,0,20100,19900,100,-100
-100,100,0,0,19900,20100,-100,100
100,-100,0,0,20100,19900,100,-100
100,-100,0,0,20100,19900,100,-100
100,-100,0,0,20100,19900,100,-100
100,-100,-20100,20100,0,40000,-20000,20000
-100,100,20100,-20100,40000,0,20000,-20000
100,-100,0,0,20100,19900,100,-100
-100,100,0,0,19900,20100,-100,100
100,-100,0,0,20100,19900,100,-100
100,-100,0,0,20100,19900,100,-100
-100,100,0,0,19900,20100,-100,100
100,-100,0,0,20100,19900,100,-100
100,-100,0,0,20100,19900,100,-100
-100,100,0,0,19900,20100,-100,100
100,-100,0,0,20100,19900,100,-100
-100,100,0,0,19900,20100,-100,100
-100,100,0,0,19900,20100,-100,100
-100,100,20100,-20100,40000,0,20000,-20000
-100,100,0,0,19900,20100,-100,100
-100,100,20100,-20100,40000,0,20000,-20000
-100,100,-19900,19900,0,40000,-20000,20000
-100,100,0,0,19900,20100,-100,100
100,-100,0,0,20100,19900,100,-100
-1.78E-15,1.78E-15,20000,-20000,40000,0,20000,-20000
100,-100,0,0,20100,19900,100,-100
100,-100,0,0,20100,19900,100,-100
-100,100,0,0,19900,20100,-100,100
-100,100,0,0,19900,20100,-100,100
100,-100,0,0,20100,19900,100,-100
100,-100,0,0,20100,19900,100,-100
-100,100,0,0,19900,20100,-100,100
100,-100,0,0,20100,19900,100,-100
100,-100,0,0,20100,19900,100,-100
100,-100,0,0,20100,19900,100,-100
100,-100,0,0,20100,19900,100,-100
100,-100,0,0,20100,19900,100,-100
100,-100,0,0,20100,19900,100,-100
100,-100,0,0,20100,19900,100,-100
-100,100,0,0,19900,20100,-100,100
-3.55E-15,4.44E-15,0,0,20000,20000,0,0
100,-100,0,0,20100,19900,100,-100
100,-100,0,0,20100,19900,100,-100
-100,100,0,0,19900,20100,-100,100
-100,100,20100,-20100,40000,0,20000,-20000
100,-100,0,0,20100,19900,100,-100
100,-100,0,0,20100,19900,100,-100
100,-100,0,0,20100,19900,100,-100
-100,100,0,0,19900,20100,-100,100
100,-100,0,0,20100,19900,100,-100
100,-100,0,0,20100,19900,100,-100
-100,100,0,0,19900,20100,-100,100
-100,100,0,0,19900,20100,-100,100
100,-100,0,0,20100,19900,100,-100
-100,100,0,0,19900,20100,-100,100
100,-100,0,0,20100,19900,100,-100
-100,100,0,0,19900,20100,-100,100
-100,100,0,0,19900,20100,-100,100
100,-100,0,0,20100,19900,100,-100
100,-100,0,0,20100,19900,100,-100
100,-100,0,0,20100,19900,100,-100
100,-100,0,0,20100,19900,100,-100
-100,100,0,0,19900,20100,-100,100
100,-100,0,0,20100,19900,100,-100
-100,100,0,0,19900,20100,-100,100
-100,100,0,0,19900,20100,-100,100
-100,100,0,0,19900,20100,-100,100
100,-100,0,0,20100,19900,100,-100
-100,100,0,0,19900,20100,-100,100
100,-100,0,0,20100,19900,100,-100
-100,100,20100,-20100,40000,0,20000,-20000
-93.18181818,93.18181818,-19906.81818,19906.81818,0,40000,-20000,20000
100,-100,0,0,20100,19900,100,-100
-100,100,0,0,19900,20100,-100,100
100,-100,0,0,20100,19900,100,-100
100,-100,0,0,20100,19900,100,-100
-100,100,0,0,19900,20100,-100,100
100,-100,0,0,20100,19900,100,-100
-100,100,0,0,19900,20100,-100,100
-100,100,0,0,19900,20100,-100,100
100,-100,0,0,20100,19900,100,-100
100,-100,0,0,20100,19900,100,-100
-100,100,0,0,19900,20100,-100,100
-100,100,0,0,19900,20100,-100,100
-100,100,0,0,19900,20100,-100,100
100,-100,0,0,20100,19900,100,-100
-100,100,0,0,19900,20100,-100,100
-100,100,0,0,19900,20100,-100,100
-100,100,20100,-20100,40000,0,20000,-20000
100,-100,0,0,20100,19900,100,-100
-61.36363636,61.36363636,20061.36364,-20061.36364,40000,0,20000,-20000
100,-100,0,0,20100,19900,100,-100
-80.33333333,100,-19.66666667,0,19900,20100,-100,100
-100,100,-19900,19900,0,40000,-20000,20000
100,-100,0,0,20100,19900,100,-100
100,-100,0,0,20100,19900,100,-100
-100,100,20100,-20100,40000,0,20000,-20000
-100,100,-19900,19900,0,40000,-20000,20000
-100,100,0,0,19900,20100,-100,100
-100,100,0,0,19900,20100,-100,100
100,-100,0,0,20100,19900,100,-100
-24.86666667,24.86666667,-19975.13333,19975.13333,0,40000,-20000,20000
-100,100,0,0,19900,20100,-100,100
100,-100,0,0,20100,19900,100,-100
100,-100,0,0,20100,19900,100,-100
-100,100,0,0,19900,20100,-100,100
-100,100,0,0,19900,20100,-100,100
-100,100,0,0,19900,20100,-100,100
0,0,0,0,20000,20000,0,0
-100,100,-19900,19900,0,40000,-20000,20000
100,-100,0,0,20100,19900,100,-100
-24.43333333,24.43333333,-19975.56667,19975.56667,0,40000,-20000,20000
100,-100,0,0,20100,19900,100,-100
-100,100,0,0,19900,20100,-100,100
100,-100,0,0,20100,19900,100,-100
-100,100,0,0,19900,20100,-100,100
100,-100,0,0,20100,19900,100,-100
-100,100,0,0,19900,20100,-100,100
-100,100,0,0,19900,20100,-100,100
100,-100,0,0,20100,19900,100,-100
-100,100,0,0,19900,20100,-100,100
100,-100,0,0,20100,19900,100,-100
100,-100,0,0,20100,19900,100,-100
-100,100,0,0,19900,20100,-100,100
100,-100,0,0,20100,19900,100,-100
5.33E-15,-5.33E-15,0,0,20000,20000,0,0
100,-100,0,0,20100,19900,100,-100
-100,100,-19900,19900,0,40000,-20000,20000
-100,100,0,0,19900,20100,-100,100
100,-100,0,0,20100,19900,100,-100
100,-100,0,0,20100,19900,100,-100
-100,100,-19900,19900,0,40000,-20000,20000
-100,100,0,0,19900,20100,-100,100
100,-100,0,0,20100,19900,100,-100
100,-100,0,0,20100,19900,100,-100
100,-100,0,0,20100,19900,100,-100
-100,100,0,0,19900,20100,-100,100
100,-100,0,0,20100,19900,100,-100
-100,100,0,0,19900,20100,-100,100
100,-100,0,0,20100,19900,100,-100
100,-100,0,0,20100,19900,100,-100
-100,100,0,0,19900,20100,-100,100
100,-100,0,0,20100,19900,100,-100
100,-100,0,0,20100,19900,100,-100
-100,100,20100,-20100,40000,0,20000,-20000
-100,100,0,0,19900,20100,-100,100
100,-100,0,0,20100,19900,100,-100
100,-100,0,0,20100,19900,100,-100
-100,100,0,0,19900,20100,-100,100
100,-100,0,0,20100,19900,100,-100
1.42E-14,-1.42E-14,0,0,20000,20000,0,0
-100,100,0,0,19900,20100,-100,100
-100,100,0,0,19900,20100,-100,100
100,-100,0,0,20100,19900,100,-100
-100,100,20100,-20100,40000,0,20000,-20000
-100,100,0,0,19900,20100,-100,100
100,-100,0,0,20100,19900,100,-100
100,-100,0,0,20100,19900,100,-100
100,-100,0,0,20100,19900,100,-100
-100,100,0,0,19900,20100,-100,100
-100,100,0,0,19900,20100,-100,100
100,-100,0,0,20100,19900,100,-100
100,-100,0,0,20100,19900,100,-100
100,-100,0,0,20100,19900,100,-100
100,-100,0,0,20100,19900,100,-100
100,-100,0,0,20100,19900,100,-100
-100,100,20100,-20100,40000,0,20000,-20000
100,-100,-20100,20100,0,40000,-20000,20000
100,-100,0,0,20100,19900,100,-100
-100,100,0,0,19900,20100,-100,100
-100,100,20100,-20100,40000,0,20000,-20000
100,-100,0,0,20100,19900,100,-100
-100,100,0,0,19900,20100,-100,100
-100,100,0,0,19900,20100,-100,100
100,-100,0,0,20100,19900,100,-100
100,-100,0,0,20100,19900,100,-100
100,-100,0,0,20100,19900,100,-100
-100,100,0,0,19900,20100,-100,100
-100,100,0,0,19900,20100,-100,100
-100,100,0,0,19900,20100,-100,100
100,-100,0,0,20100,19900,100,-100
-100,100,0,0,19900,20100,-100,100
-100,100,0,0,19900,20100,-100,100
-100,100,0,0,19900,20100,-100,100
100,-100,0,0,20100,19900,100,-100
-100,100,-19900,19900,0,40000,-20000,20000
