"","p1_luck","p2_luck","p1_skill","p2_skill","p1_chip","p2_chip","pff"
"1",131.111111111111,-131.111111111111,68.8888888888889,-68.8888888888889,20200,19800,10
"2",-172.222222222222,172.222222222222,-19827.7777777778,19827.7777777778,0,40000,9
"3",-830.606060606061,830.60606060606,-19169.3939393939,19169.3939393939,0,40000,9
"4",-384.040404040404,384.040404040404,-19615.9595959596,19615.9595959596,0,40000,9
"5",1353.75454545455,-1353.75454545455,3203.24545454545,-3203.24545454545,24557,15443,10
"6",-97.8787878787879,97.8787878787879,-2.12121212121212,2.12121212121212,19900,20100,5
"7",42.6262626262626,-42.6262626262626,57.3737373737374,-57.3737373737374,20100,19900,4
"8",45.8585858585859,-45.8585858585859,54.1414141414141,-54.1414141414141,20100,19900,4
"9",-77.2727272727273,77.2727272727273,-22.7272727272727,22.7272727272727,19900,20100,7
"10",-100,100,-900,900,19000,21000,10
"11",-1227.27272727273,1246.87272727273,-18772.7272727273,18753.1272727273,0,40000,7
"12",100,-100,-20100,20100,0,40000,9
"13",-89.0909090909091,89.0909090909091,-10.9090909090909,10.9090909090909,19900,20100,5
"14",-100,100,0,0,19900,20100,9
"15",-321.868686868687,321.868686868687,-1703.13131313131,1703.13131313131,17975,22025,10
"16",-247.070707070707,247.070707070707,-202.929292929293,202.929292929293,19550,20450,10
"17",-100,100,0,0,19900,20100,9
"18",-23.2323232323232,23.2323232323233,-276.767676767677,276.767676767677,19700,20300,7
"19",32.5252525252525,-32.5252525252525,67.4747474747475,-67.4747474747475,20100,19900,4
"20",-76.4646464646464,76.4646464646465,-123.535353535354,123.535353535354,19800,20200,7
"21",-71.7,71.7,-28.3,28.3,19900,20100,3
"22",-93.7373737373737,93.7373737373737,-6.26262626262626,6.26262626262626,19900,20100,5
"23",-100,100,0,0,19900,20100,10
"24",100,-100,0,0,20100,19900,10
"25",234.545454545455,-234.545454545455,-20234.5454545455,20234.5454545455,0,40000,9
"26",-100,100,0,0,19900,20100,7
"27",-48.2828282828283,48.2828282828283,-51.7171717171717,51.7171717171717,19900,20100,5
"28",-65.1515151515152,65.1515151515152,-34.8484848484848,34.8484848484848,19900,20100,5
"29",111.111111111111,-111.111111111111,6488.88888888889,-6488.88888888889,26600,13400,10
"30",300,-300,600,-600,20900,19100,10
"31",-39.7979797979798,39.7979797979798,-60.2020202020202,60.2020202020202,19900,20100,5
"32",-71.5151515151515,71.5151515151515,-28.4848484848485,28.4848484848485,19900,20100,5
"33",100,-100,1400,-1400,21500,18500,10
"34",73.1313131313131,-73.1313131313131,26.8686868686869,-26.8686868686869,20100,19900,4
"35",-100,100,0,0,19900,20100,10
"36",-127.272727272727,127.272727272727,-772.727272727273,772.727272727273,19100,20900,10
"37",-188.080808080808,188.080808080808,-111.919191919192,111.919191919192,19700,20300,10
"38",-4813.95555555556,4813.95555555555,-10564.0444444444,10564.0444444444,4622,35378,10
"39",-100,100,-200,200,19700,20300,10
"40",106.262626262626,-106.262626262626,-20106.2626262626,20106.2626262626,0,40000,9
"41",100,-100,0,0,20100,19900,10
"42",223.434343434343,-223.434343434343,2776.56565656566,-2776.56565656566,23000,17000,10
"43",100,-100,200,-200,20300,19700,10
"44",100,-100,3200,-3200,23300,16700,10
"45",100,-100,0,0,20100,19900,10
"46",100,-100,400,-400,20500,19500,6
"47",-54.5454545454545,54.5454545454545,-45.4545454545455,45.4545454545455,19900,20100,7
"48",2890.29898989899,-2890.29898989899,4798.70101010101,-4798.70101010101,27689,12311,10
"49",-1178,1178,-1100,1100,17722,22278,10
"50",-100,100,0,0,19900,20100,9
"51",-100,100,0,0,19900,20100,10
"52",97.7777777777778,-97.7777777777778,2.22222222222221,-2.22222222222221,20100,19900,4
"53",304.242424242424,-289.475757575758,1495.75757575758,-1510.52424242424,21800,18200,10
"54",-154.545454545455,154.545454545455,-14545.4545454545,14545.4545454545,5300,34700,10
"55",-309.090909090909,309.090909090909,-590.909090909091,590.909090909091,19100,20900,10
"56",-100,100,0,0,19900,20100,10
"57",302.323232323232,-302.323232323232,1497.67676767677,-1497.67676767677,21800,18200,10
"58",3.5527136788005e-15,-3.5527136788005e-15,-20000,20000,0,40000,9
"59",93.1818181818182,-93.1818181818182,6.81818181818183,-6.81818181818183,20100,19900,6
"60",-100,100,0,0,19900,20100,9
"61",-50,50,-50,50,19900,20100,7
"62",100,-72.3666666666667,200,-227.633333333333,20300,19700,6
"63",-91.3131313131313,91.3131313131313,-8.68686868686868,8.68686868686868,19900,20100,5
"64",-7704.99797979798,7704.99797979798,-12295.002020202,12295.002020202,0,40000,9
"65",1574.74747474748,-1574.74747474748,-21574.7474747475,21574.7474747475,0,40000,9
"66",-224.545454545455,224.545454545455,-375.454545454545,375.454545454545,19400,20600,10
"67",-900.8,900.8,-3655.2,3655.2,15444,24556,10
"68",28.0808080808081,-28.0808080808081,71.9191919191919,-71.9191919191919,20100,19900,4
"69",-100,100,0,0,19900,20100,10
"70",-70.3030303030303,70.3030303030303,-29.6969696969697,29.6969696969697,19900,20100,5
"71",100,-100,1400,-1400,21500,18500,10
"72",-38.5666666666667,38.5666666666667,-61.4333333333333,61.4333333333333,19900,20100,3
"73",-100,100,-300,300,19600,20400,10
"74",143.636363636364,-143.636363636364,456.363636363636,-456.363636363636,20600,19400,10
"75",154.545454545455,-154.545454545455,745.454545454545,-745.454545454545,20900,19100,10
"76",-68.0808080808081,68.0808080808081,-31.9191919191919,31.9191919191919,19900,20100,5
"77",307.525252525252,-307.525252525252,1942.47474747475,-1942.47474747475,22250,17750,10
"78",148.989898989899,-148.989898989899,51.010101010101,-51.010101010101,20200,19800,10
"79",188.336363636364,-188.336363636364,-20188.3363636364,20188.3363636364,0,40000,7
"80",-109.090909090909,109.090909090909,-19890.9090909091,19890.9090909091,0,40000,9
"81",-100,100,-800,800,19100,20900,10
"82",-100,100,0,0,19900,20100,9
"83",-91.7171717171717,91.7171717171717,-8.28282828282829,8.28282828282829,19900,20100,5
"84",454.545454545455,-454.545454545455,445.454545454545,-445.454545454545,20900,19100,10
"85",-2704.38181818182,2704.38181818182,-7547.61818181818,7547.61818181818,9748,30252,10
"86",-47.8787878787879,47.8787878787879,-152.121212121212,152.121212121212,19800,20200,7
"87",221.818181818182,-221.818181818182,778.181818181818,-778.181818181818,21000,19000,10
"88",1055.55555555555,-1055.55555555555,-21055.5555555556,21055.5555555556,0,40000,9
"89",-100,100,0,0,19900,20100,10
"90",-28.0808080808081,28.0808080808081,-71.9191919191919,71.9191919191919,19900,20100,5
"91",-5176.67878787879,5176.67878787879,-14823.3212121212,14823.3212121212,0,40000,9
"92",-173.535353535354,173.535353535354,-126.464646464646,126.464646464646,19700,20300,10
"93",96.4646464646464,-96.4646464646464,-20096.4646464646,20096.4646464646,0,40000,5
"94",354.343434343434,-354.343434343434,-20354.3434343434,20354.3434343434,0,40000,9
"95",-2461.21212121212,2461.21212121212,-17538.7878787879,17538.7878787879,0,40000,9
"96",100,-100,-200,200,19900,20100,9
"97",-36.5656565656566,36.5656565656566,-63.4343434343434,63.4343434343434,19900,20100,5
"98",100,-100,0,0,20100,19900,8
"99",-240.40404040404,240.40404040404,-359.59595959596,359.59595959596,19400,20600,10
"100",-100,100,-200,200,19700,20300,10
"101",-100,100,0,0,19900,20100,9
"102",136.767676767677,-123.50101010101,-20136.7676767677,20123.501010101,0,40000,9
"103",40.9090909090909,-40.9090909090909,-140.909090909091,140.909090909091,19900,20100,7
"104",18.1818181818182,-18.1818181818182,-118.181818181818,118.181818181818,19900,20100,7
"105",50,-50,-150,150,19900,20100,7
"106",100,-100,0,0,20100,19900,10
"107",-100,100,-200,200,19700,20300,10
"108",118.181818181818,-118.181818181818,-20118.1818181818,20118.1818181818,3.63797880709171e-12,40000,9
"109",100,-100,200,-200,20300,19700,10
"110",-114.343434343434,114.343434343434,-19885.6565656566,19885.6565656566,0,40000,7
"111",100,-100,200,-200,20300,19700,10
"112",-100,100,-200,200,19700,20300,10
"113",100,-100,200,-200,20300,19700,10
"114",-100,100,0,0,19900,20100,10
"115",100,-100,0,0,20100,19900,8
"116",-62.6262626262626,62.6262626262626,-37.3737373737374,37.3737373737374,19900,20100,5
"117",-100,100,0,0,19900,20100,10
"118",34.7333333333333,-34.7333333333333,65.2666666666667,-65.2666666666667,20100,19900,2
"119",-63.6363636363636,63.6363636363636,-36.3636363636364,36.3636363636364,19900,20100,7
"120",-100,100,0,0,19900,20100,7
"121",-34.9494949494949,34.9494949494949,-19965.0505050505,19965.0505050505,0,40000,5
"122",-82.3232323232323,82.3232323232323,-17.6767676767677,17.6767676767677,19900,20100,5
"123",100,-100,0,0,20100,19900,10
"124",60.8333333333333,-50,39.1666666666667,-50,20100,19900,2
"125",86.3636363636364,-86.3636363636363,-186.363636363636,186.363636363636,19900,20100,7
"126",187.777777777778,-187.777777777778,-20187.7777777778,20187.7777777778,0,40000,7
"127",-53.9393939393939,53.9393939393939,-46.0606060606061,46.0606060606061,19900,20100,5
"128",450.066666666667,-450.066666666667,-20450.0666666667,20450.0666666667,0,40000,9
"129",-103.030303030303,103.030303030303,-2596.9696969697,2596.9696969697,17300,22700,10
"130",100,-100,0,0,20100,19900,10
"131",40.1010101010101,-40.1010101010101,59.8989898989899,-59.8989898989899,20100,19900,4
"132",69.1919191919192,-69.1919191919192,30.8080808080808,-30.8080808080808,20100,19900,4
"133",108.282828282828,-108.282828282828,-20108.2828282828,20108.2828282828,0,40000,7
"134",92.9292929292929,-92.9292929292929,7.07070707070707,-7.07070707070707,20100,19900,4
"135",-1064.82424242424,1064.82424242424,-1971.17575757576,1971.17575757576,16964,23036,10
"136",-1490.4,1490.4,-18509.6,18509.6,0,40000,9
"137",26.2626262626263,-26.2626262626263,73.7373737373737,-73.7373737373737,20100,19900,4
"138",52.5252525252525,-52.5252525252525,47.4747474747475,-47.4747474747475,20100,19900,4
"139",-45.8585858585859,45.8585858585859,-54.1414141414141,54.1414141414141,19900,20100,5
"140",72.7272727272727,-72.7272727272727,-172.727272727273,172.727272727273,19900,20100,7
"141",-431.818181818182,431.818181818182,-2568.18181818182,2568.18181818182,17000,23000,10
"142",974.69696969697,-974.69696969697,1050.30303030303,-1050.30303030303,22025,17975,10
"143",163.636363636364,-163.636363636364,136.363636363636,-136.363636363636,20300,19700,8
"144",-84.0909090909091,84.0909090909091,-15.9090909090909,15.9090909090909,19900,20100,7
"145",100,-100,200,-200,20300,19700,10
"146",737.171717171717,-737.171717171717,3462.82828282828,-3462.82828282828,24200,15800,10
"147",-3171.91919191919,3171.91919191919,-16828.0808080808,16828.0808080808,0,40000,9
"148",1564.72727272727,-1564.72727272727,3495.27272727273,-3495.27272727273,25060,14940,10
"149",100,-100,0,0,20100,19900,10
"150",-3.5527136788005e-15,3.5527136788005e-15,-100,100,19900,20100,7
"151",600.30303030303,-600.30303030303,5399.69696969697,-5399.69696969697,26000,14000,10
"152",-36.3636363636363,36.3636363636363,-263.636363636364,263.636363636364,19700,20300,9
"153",-248.282828282828,248.282828282828,48.2828282828283,-48.2828282828283,19800,20200,10
"154",-53.7373737373737,53.7373737373737,-46.2626262626263,46.2626262626263,19900,20100,5
"155",76.1616161616162,-76.1616161616162,23.8383838383838,-23.8383838383838,20100,19900,4
"156",100,-100,1400,-1400,21500,18500,10
"157",100,-100,0,0,20100,19900,10
"158",1601.0101010101,-1601.0101010101,14898.9898989899,-14898.9898989899,36500,3500,10
"159",100,-100,200,-200,20300,19700,10
"160",2151.01414141414,-2151.01414141414,2974.98585858586,-2974.98585858586,25126,14874,10
"161",52.5252525252525,-52.5252525252525,47.4747474747475,-47.4747474747475,20100,19900,4
"162",-100.606060606061,100.606060606061,-2599.39393939394,2599.39393939394,17300,22700,10
"163",-100,100,0,0,19900,20100,10
"164",-45.4545454545455,45.4545454545455,-54.5454545454545,54.5454545454545,19900,20100,7
"165",-100,100,-200,200,19700,20300,10
"166",100,-100,0,0,20100,19900,10
"167",118.181818181818,-118.181818181818,2581.81818181818,-2581.81818181818,22700,17300,10
"168",65.8585858585859,-65.8585858585859,34.1414141414141,-34.1414141414141,20100,19900,4
"169",72.7272727272727,-72.7272727272727,27.2727272727273,-27.2727272727273,20100,19900,4
"170",100,-100,200,-200,20300,19700,10
"171",-271.313131313131,271.313131313131,71.3131313131313,-71.3131313131313,19800,20200,10
"172",-88.6868686868687,88.6868686868687,-11.3131313131313,11.3131313131313,19900,20100,5
"173",-49.4333333333333,49.4333333333333,-50.5666666666667,50.5666666666667,19900,20100,3
"174",2815.35353535354,-2815.35353535354,-22815.3535353535,22815.3535353535,0,40000,9
"175",-100,100,-19900,19900,0,40000,9
"176",71.3131313131313,-71.3131313131313,28.6868686868687,-28.6868686868687,20100,19900,4
"177",-108.888888888889,108.888888888889,-2591.11111111111,2591.11111111111,17300,22700,10
"178",-326.464646464646,326.464646464646,-573.535353535354,573.535353535353,19100,20900,10
"179",-100,100,0,0,19900,20100,10
"180",100,-100,200,-200,20300,19700,10
"181",65.4545454545455,-65.4545454545455,34.5454545454545,-34.5454545454545,20100,19900,4
"182",67.979797979798,-67.979797979798,32.020202020202,-32.020202020202,20100,19900,4
"183",100,-100,0,0,20100,19900,10
"184",-107.272727272727,107.272727272727,-19892.7272727273,19892.7272727273,0,40000,9
"185",776.169696969697,-776.169696969697,235.830303030303,-235.830303030303,21012,18988,10
"186",70.7070707070707,-70.7070707070707,29.2929292929293,-29.2929292929293,20100,19900,4
"187",-90.9090909090909,90.9090909090909,-9.09090909090908,9.09090909090908,19900,20100,7
"188",-136.363636363636,136.363636363636,-763.636363636364,763.636363636364,19100,20900,10
"189",-154.545454545455,154.545454545455,-145.454545454545,145.454545454545,19700,20300,10
"190",85.4545454545454,-85.4545454545454,14.5454545454546,-14.5454545454546,20100,19900,4
"191",100,-100,0,0,20100,19900,10
"192",100,-100,200,-200,20300,19700,10
"193",-1847.87878787879,1847.87878787879,-18152.1212121212,18152.1212121212,0,40000,9
"194",-2665.65656565657,2665.65656565657,-17334.3434343434,17334.3434343434,0,40000,9
"195",-60.9090909090909,60.9090909090909,-39.0909090909091,39.0909090909091,19900,20100,5
"196",-552.315151515151,552.315151515151,-2483.68484848485,2483.68484848485,16964,23036,10
"197",256.969696969697,-256.969696969697,1543.0303030303,-1543.0303030303,21800,18200,10
"198",594.242424242424,-594.242424242424,9530.75757575758,-9530.75757575758,30125,9875,10
"199",-99.3939393939394,99.3939393939394,-0.60606060606061,0.60606060606061,19900,20100,5
"200",100,-94.4666666666667,0,-5.53333333333335,20100,19900,10
"201",-65.8585858585859,65.8585858585859,-34.1414141414141,34.1414141414141,19900,20100,5
"202",-30.1666666666667,30.1666666666667,-69.8333333333333,69.8333333333333,19900,20100,3
"203",-111.515151515152,111.515151515152,-19888.4848484848,19888.4848484848,0,40000,7
"204",-53.9393939393939,53.9393939393939,-46.0606060606061,46.0606060606061,19900,20100,5
"205",97.7777777777778,-97.0777777777778,2.22222222222221,-2.92222222222222,20100,19900,4
"206",72.7272727272727,-72.7272727272727,-172.727272727273,172.727272727273,19900,20100,7
"207",1892.27272727273,-1892.27272727273,12957.7272727273,-12957.7272727273,34850,5150,10
"208",605.454545454545,-605.454545454545,3894.54545454545,-3894.54545454545,24500,15500,10
"209",100,-100,0,0,20100,19900,10
"210",-100,100,-200,200,19700,20300,10
"211",92.3232323232323,-92.3232323232323,7.67676767676768,-7.67676767676768,20100,19900,4
"212",-43.3333333333333,43.3333333333333,-56.6666666666667,56.6666666666667,19900,20100,5
"213",-100,100,0,0,19900,20100,10
"214",-59.6883838383838,59.6883838383844,-19940.3116161616,19940.3116161616,0,40000,7
"215",100,-100,200,-200,20300,19700,10
"216",384.646464646465,-384.646464646465,-20384.6464646465,20384.6464646465,0,40000,7
"217",-73.1313131313131,73.1313131313131,-26.8686868686869,26.8686868686869,19900,20100,5
"218",-100,100,0,0,19900,20100,10
"219",-100,100,0,0,19900,20100,10
"220",515.454545454545,-481.521212121212,-20515.4545454545,20481.5212121212,0,40000,9
"221",-93.7373737373737,93.7373737373737,-6.26262626262626,6.26262626262626,19900,20100,5
"222",-100,100,0,0,19900,20100,7
"223",100,-100,0,0,20100,19900,10
"224",-43.4343434343434,43.4343434343434,-56.5656565656566,56.5656565656566,19900,20100,5
"225",0,0,-20000,20000,0,40000,9
"226",-1515.9595959596,1515.9595959596,-18484.0404040404,18484.0404040404,0,40000,9
"227",-3.5527136788005e-15,3.5527136788005e-15,0,0,20000,20000,10
"228",75.5555555555555,-75.5555555555555,124.444444444444,-124.444444444444,20200,19800,6
"229",100,-100,0,0,20100,19900,10
"230",-319.545454545455,319.545454545455,-1705.45454545455,1705.45454545455,17975,22025,10
"231",100,-100,200,-200,20300,19700,10
"232",-241.414141414141,241.414141414141,-1108.58585858586,1108.58585858586,18650,21350,10
"233",-102.020202020202,103.720202020202,-2597.9797979798,2596.2797979798,17300,22700,10
"234",45.2525252525253,-45.2525252525253,54.7474747474747,-54.7474747474747,20100,19900,4
"235",181.212121212121,-181.212121212121,418.787878787879,-418.787878787879,20600,19400,10
"236",54.5454545454545,-54.5454545454545,-154.545454545455,154.545454545455,19900,20100,7
"237",100,-100,3500,-3500,23600,16400,10
"238",-100,102.366666666667,0,-2.36666666666667,19900,20100,10
"239",-181.818181818182,181.818181818182,-118.181818181818,118.181818181818,19700,20300,10
"240",231.818181818182,-231.818181818182,68.1818181818182,-68.1818181818182,20300,19700,10
"241",356.313131313131,-356.313131313131,993.686868686869,-993.686868686869,21350,18650,10
"242",154.545454545455,-154.545454545455,745.454545454545,-745.454545454545,20900,19100,10
"243",100,-100,0,0,20100,19900,8
"244",-102.626262626263,102.626262626263,-97.3737373737374,97.3737373737374,19800,20200,7
"245",100,-100,-20100,20100,0,40000,9
"246",-100,100,-200,200,19700,20300,10
"247",100,-100,0,0,20100,19900,10
"248",62.8282828282828,-62.8282828282828,37.1717171717172,-37.1717171717172,20100,19900,4
"249",41.010101010101,-41.010101010101,58.989898989899,-58.989898989899,20100,19900,4
"250",100,-100,0,0,20100,19900,10
"251",-100,100,0,0,19900,20100,10
"252",-100,100,0,0,19900,20100,10
"253",31.7666666666667,-31.7666666666667,68.2333333333333,-68.2333333333333,20100,19900,2
"254",-100,100,0,0,19900,20100,10
"255",-100,100,0,0,19900,20100,10
"256",-747.866666666667,747.866666666667,-3809.13333333333,3809.13333333333,15443,24557,10
"257",90.9090909090909,-89.6424242424243,-190.909090909091,189.642424242424,19900,20100,7
"258",-100,100,0,0,19900,20100,7
"259",-123.838383838384,123.838383838384,-876.161616161616,876.161616161616,19000,21000,10
"260",230.909090909091,-213.409090909091,-20230.9090909091,20213.4090909091,0,40000,9
"261",-100,100,0,0,19900,20100,7
"262",86.3636363636363,-85.2969696969697,-186.363636363636,185.29696969697,19900,20100,7
"263",21704.2878787879,-21704.2878787879,-41704.2878787879,41704.2878787879,-7.27595761418343e-12,40000,7
"264",-186.464646464646,186.464646464646,-713.535353535354,713.535353535354,19100,20900,10
"265",115.757575757576,-115.757575757576,84.2424242424242,-84.2424242424242,20200,19800,10
"266",-50,50,-50,50,19900,20100,7
"267",-1146.56565656566,1146.56565656566,-18853.4343434343,18853.4343434343,0,40000,9
"268",100,-100,0,0,20100,19900,10
"269",76.3636363636364,-76.3636363636364,23.6363636363636,-23.6363636363636,20100,19900,4
"270",-91.9191919191919,91.9191919191919,-8.08080808080809,8.08080808080809,19900,20100,5
"271",-94.3434343434343,94.3434343434344,-5.65656565656565,5.65656565656565,19900,20100,5
"272",348.888888888889,-348.888888888889,4151.11111111111,-4151.11111111111,24500,15500,10
"273",-117.575757575758,117.575757575758,-2582.42424242424,2582.42424242424,17300,22700,10
"274",3389.09090909091,-3389.09090909091,-23389.0909090909,23389.0909090909,0,40000,9
"275",-52.5252525252525,52.5252525252525,-47.4747474747475,47.4747474747475,19900,20100,5
"276",-27.8,27.8,-72.2,72.2,19900,20100,3
"277",-100,100,-19900,19900,0,40000,9
"278",-178.282828282828,178.282828282828,-1621.71717171717,1621.71717171717,18200,21800,10
"279",-49.0909090909091,49.0909090909091,-50.9090909090909,50.9090909090909,19900,20100,5
"280",263.232323232323,-263.232323232323,136.767676767677,-136.767676767677,20400,19600,10
"281",100,-100,-200,200,19900,20100,9
"282",-317.171717171717,317.171717171717,-3282.82828282828,3282.82828282828,16400,23600,10
"283",3756.51818181818,-3756.51818181818,3932.48181818182,-3932.48181818182,27689,12311,10
"284",-84.4444444444445,84.4444444444444,-15.5555555555555,15.5555555555555,19900,20100,5
"285",-231.717171717172,231.717171717172,-16768.2828282828,16768.2828282828,3000,37000,10
"286",-100,100,0,0,19900,20100,7
"287",127.575757575758,-127.375757575758,472.424242424242,-472.624242424242,20600,19400,10
"288",35.7575757575758,-35.7575757575758,64.2424242424242,-64.2424242424242,20100,19900,4
"289",-41.4333333333333,41.4333333333333,-58.5666666666667,58.5666666666667,19900,20100,3
"290",-202.222222222222,202.222222222222,2.22222222222221,-2.22222222222221,19800,20200,10
"291",70.7070707070707,-70.7070707070707,29.2929292929293,-29.2929292929293,20100,19900,4
"292",-231.111111111111,231.111111111111,31.1111111111111,-31.1111111111111,19800,20200,10
"293",-421.818181818182,421.818181818182,-2578.18181818182,2578.18181818182,17000,23000,10
"294",-459.191919191919,459.191919191919,-2240.80808080808,2240.80808080808,17300,22700,10
"295",-100,100,-300,300,19600,20400,10
"296",100,-100,200,-200,20300,19700,10
"297",-186.085858585859,186.085858585859,-19813.9141414141,19813.9141414141,0,40000,7
"298",-1.11111111111111,1.11111111111111,-98.8888888888889,98.8888888888889,19900,20100,5
"299",-44.9494949494949,44.9494949494949,-55.0505050505051,55.0505050505051,19900,20100,5
"300",-32.7333333333333,32.7333333333333,-67.2666666666667,67.2666666666667,19900,20100,3
"301",-100,100,0,0,19900,20100,10
"302",100,-100,1400,-1400,21500,18500,10
"303",-45.0505050505051,45.050505050505,-54.9494949494949,54.9494949494949,19900,20100,5
"304",-41.2121212121212,41.2121212121212,-58.7878787878788,58.7878787878788,19900,20100,5
"305",88.0808080808081,-72.4808080808081,11.9191919191919,-27.5191919191919,20100,19900,4
"306",100,-100,0,0,20100,19900,10
"307",1264.42424242424,-1264.42424242424,7843.57575757576,-7843.57575757576,29108,10892,10
"308",196.767676767677,-196.767676767677,3.23232323232322,-3.23232323232322,20200,19800,6
"309",-41.3131313131313,41.3131313131313,-58.6868686868687,58.6868686868687,19900,20100,5
"310",-29.0666666666667,29.0666666666667,-70.9333333333333,70.9333333333333,19900,20100,3
"311",154.545454545455,-154.545454545455,145.454545454545,-145.454545454545,20300,19700,10
"312",-100,100,0,0,19900,20100,9
"313",-100,100,0,0,19900,20100,10
"314",47.0707070707071,-47.0707070707071,52.9292929292929,-52.9292929292929,20100,19900,4
"315",-70.4040404040404,70.4040404040404,-129.59595959596,129.59595959596,19800,20200,7
"316",1319.48686868687,-1319.48686868687,-21319.4868686869,21319.4868686869,0,40000,7
"317",100,-70.9333333333333,-20100,20070.9333333333,0,40000,9
"318",136.363636363636,-136.363636363636,1363.63636363636,-1363.63636363636,21500,18500,10
"319",96.969696969697,-96.969696969697,3.03030303030303,-3.03030303030303,20100,19900,4
"320",-136.363636363636,136.363636363636,-163.636363636364,163.636363636364,19700,20300,10
"321",-90.9090909090909,90.9090909090909,-9.09090909090908,9.09090909090908,19900,20100,7
"322",-100,100,-19900,19900,0,40000,9
"323",-86.3636363636364,86.3636363636364,-13.6363636363636,13.6363636363636,19900,20100,7
"324",165.555555555556,-165.555555555556,12034.4444444444,-12034.4444444444,32200,7800,10
"325",-107.070707070707,107.070707070707,-2592.92929292929,2592.92929292929,17300,22700,10
"326",96.4646464646464,-96.4646464646464,-20096.4646464646,20096.4646464646,0,40000,5
"327",2345.32727272727,-2345.32727272727,-22345.3272727273,22345.3272727273,0,40000,9
"328",73.4343434343434,-73.4343434343434,26.5656565656566,-26.5656565656566,20100,19900,4
"329",10754.1666666667,-10754.1666666667,-30754.1666666667,30754.1666666667,-3.63797880709171e-12,40000,9
"330",51.5151515151515,-51.5151515151515,48.4848484848485,-48.4848484848485,20100,19900,4
"331",321.868686868687,-321.868686868687,353.131313131313,-353.131313131313,20675,19325,10
"332",-100,100,0,0,19900,20100,9
"333",2767.64848484849,-2767.64848484849,4921.35151515151,-4921.35151515151,27689,12311,10
"334",72.7272727272727,-72.7272727272727,-172.727272727273,172.727272727273,19900,20100,7
"335",-54.3434343434343,54.3434343434343,-45.6565656565657,45.6565656565657,19900,20100,5
"336",74.040404040404,-74.040404040404,-20074.0404040404,20074.0404040404,0,40000,5
"337",257.777777777778,-257.777777777778,342.222222222222,-342.222222222222,20600,19400,10
"338",431.818181818182,-431.818181818182,468.181818181818,-468.181818181818,20900,19100,10
"339",8.88178419700125e-16,-8.88178419700125e-16,-20000,20000,0,40000,9
"340",81.8181818181818,-81.8181818181818,-181.818181818182,181.818181818182,19900,20100,7
"341",-100,100,0,0,19900,20100,9
"342",350.30303030303,-350.30303030303,249.69696969697,-249.69696969697,20600,19400,8
"343",641.262626262626,-641.262626262626,708.737373737374,-708.737373737374,21350,18650,10
"344",96.969696969697,-68.7030303030303,3.03030303030303,-31.2969696969697,20100,19900,4
"345",-194.343434343434,194.343434343434,-105.656565656566,105.656565656566,19700,20300,10
"346",100,-100,0,0,20100,19900,10
"347",100,-100,200,-200,20300,19700,10
"348",-55.7575757575758,55.7575757575758,-44.2424242424242,44.2424242424242,19900,20100,5
"349",54.5454545454545,-54.5454545454545,-154.545454545455,154.545454545455,19900,20100,7
"350",-1.81818181818182,1.81818181818181,-19998.1818181818,19998.1818181818,0,40000,5
"351",-86.3636363636364,86.3636363636364,-13.6363636363636,13.6363636363636,19900,20100,7
"352",-143.232323232323,143.232323232323,-19856.7676767677,19856.7676767677,0,40000,9
"353",319.545454545455,-319.545454545455,-20319.5454545455,20319.5454545455,0,40000,9
"354",-17.3737373737374,17.3737373737374,-82.6262626262626,82.6262626262626,19900,20100,5
"355",100,-100,0,0,20100,19900,10
"356",-1818.90909090909,1818.90909090909,-18181.0909090909,18181.0909090909,0,40000,7
"357",100,-100,1000,-1000,21100,18900,10
"358",-17.7777777777778,17.7777777777778,-82.2222222222222,82.2222222222222,19900,20100,5
"359",100,-100,0,0,20100,19900,10
"360",963.358585858586,-963.358585858586,5111.64141414141,-5111.64141414141,26075,13925,10
"361",-68.7878787878788,68.7878787878788,-31.2121212121212,31.2121212121212,19900,20100,5
"362",49.4949494949495,-49.4949494949495,-20049.494949495,20049.494949495,0,40000,5
"363",-146.363636363636,146.363636363636,-303.636363636364,303.636363636364,19550,20450,7
"364",1.53333333333332,-1.53333333333332,-101.533333333333,101.533333333333,19900,20100,3
"365",-61.2121212121212,61.2121212121212,-38.7878787878788,38.7878787878788,19900,20100,5
"366",-100,100,0,0,19900,20100,7
"367",-2082.94545454545,2082.94545454545,2082.94545454545,-2082.94545454545,20000,20000,10
"368",278.181818181818,-278.181818181818,-20278.1818181818,20278.1818181818,0,40000,9
"369",66.6666666666667,-66.6666666666667,33.3333333333333,-33.3333333333333,20100,19900,4
"370",-60.8080808080808,60.8080808080808,-19939.1919191919,19939.1919191919,0,40000,5
"371",-144.444444444444,144.444444444444,-55.5555555555556,55.5555555555556,19800,20200,10
"372",20.6333333333333,-20.6333333333333,79.3666666666667,-79.3666666666667,20100,19900,2
"373",168.181818181818,-168.181818181818,3131.81818181818,-3131.81818181818,23300,16700,10
"374",-65.4545454545455,65.4545454545455,-19934.5454545455,19934.5454545455,0,40000,5
"375",798.6,-798.6,-798.6,798.6,20000,20000,10
"376",-222.727272727273,222.727272727273,-1577.27272727273,1577.27272727273,18200,21800,10
"377",35.4,-35.4,64.6,-64.6,20100,19900,2
"378",1433.82424242424,-1433.82424242424,-21433.8242424242,21433.8242424242,0,40000,9
"379",-2354.01515151515,2354.01515151515,-17645.9848484848,17645.9848484848,0,40000,9
"380",100,-100,0,0,20100,19900,10
"381",-232.036363636364,232.036363636364,-67.9636363636364,67.9636363636364,19700,20300,7
"382",64.6464646464646,-64.6464646464646,35.3535353535354,-35.3535353535354,20100,19900,4
"383",-100,100,0,0,19900,20100,10
"384",79.5454545454546,-42.9787878787879,-179.545454545455,142.978787878788,19900,20100,7
"385",111.919191919192,-111.919191919192,9788.08080808081,-9788.08080808081,29900,10100,10
"386",-100,100,-200,200,19700,20300,10
"387",-16.969696969697,16.969696969697,-83.030303030303,83.030303030303,19900,20100,5
"388",-45.6565656565657,45.6565656565657,-54.3434343434343,54.3434343434343,19900,20100,5
"389",-100,100,-200,200,19700,20300,10
"390",347.272727272727,-347.272727272727,-20347.2727272727,20347.2727272727,0,40000,9
"391",-62.9292929292929,62.9292929292929,-19937.0707070707,19937.0707070707,0,40000,5
"392",-267.660606060606,267.660606060606,-19732.3393939394,19732.3393939394,0,40000,9
"393",74.6666666666667,-50,25.3333333333333,-50,20100,19900,2
"394",103.838383838384,-103.838383838384,196.161616161616,-196.161616161616,20300,19700,6
"395",-91.3131313131313,91.3131313131313,-8.68686868686868,8.68686868686868,19900,20100,5
"396",-88.2828282828283,88.2828282828283,-111.717171717172,111.717171717172,19800,20200,7
"397",88.4848484848485,-88.4848484848485,11.5151515151515,-11.5151515151515,20100,19900,4
"398",-100,100,-6200,6200,13700,26300,10
"399",72.7272727272727,-72.7272727272727,-172.727272727273,172.727272727273,19900,20100,7
"400",1.4210854715202e-14,0,-20000,20000,0,40000,9
"401",66.0606060606061,-66.0606060606061,33.9393939393939,-33.9393939393939,20100,19900,4
"402",780.833333333333,-780.833333333333,12890.1666666667,-12890.1666666667,33671,6329,10
"403",100,-100,1000,-1000,21100,18900,10
"404",-100,100,-2900,2900,17000,23000,10
"405",200,-200,100,-100,20300,19700,10
"406",-91.3131313131313,91.3131313131313,-8.68686868686868,8.68686868686868,19900,20100,5
"407",100,-100,0,0,20100,19900,10
"408",-100,100,-800,800,19100,20900,10
"409",86.060606060606,-86.060606060606,13.9393939393939,-13.9393939393939,20100,19900,4
"410",-102.424242424242,102.424242424242,-197.575757575758,197.575757575758,19700,20300,7
"411",567.323232323232,-567.323232323232,-20567.3232323232,20567.3232323232,0,40000,9
"412",1.77635683940025e-15,-1.77635683940025e-15,0,0,20000,20000,10
"413",54.5454545454545,-54.5454545454545,-154.545454545455,154.545454545455,19900,20100,7
"414",100,-100,0,0,20100,19900,10
"415",41.2121212121212,-41.2121212121212,58.7878787878788,-58.7878787878788,20100,19900,4
"416",103.030303030303,-103.030303030303,496.969696969697,-496.969696969697,20600,19400,10
"417",66.8686868686869,-66.8686868686869,33.1313131313131,-33.1313131313131,20100,19900,4
"418",98.2828282828284,-98.2828282828284,-20098.2828282828,20098.2828282828,0,40000,7
"419",7.105427357601e-15,-7.105427357601e-15,0,0,20000,20000,10
"420",209.090909090909,-209.090909090909,-1509.09090909091,1509.09090909091,18700,21300,7
"421",95.7575757575758,-95.7575757575758,4.24242424242425,-4.24242424242425,20100,19900,4
"422",43.030303030303,-43.030303030303,56.969696969697,-56.969696969697,20100,19900,4
"423",-100,100,-19900,19900,0,40000,9
"424",-100,100,0,0,19900,20100,7
"425",-302.222222222222,302.222222222222,-19697.7777777778,19697.7777777778,0,40000,9
"426",0,0,0,0,20000,20000,10
"427",100,-100,0,0,20100,19900,10
"428",127.272727272727,-127.272727272727,872.727272727273,-872.727272727273,21000,19000,10
"429",-86.3636363636364,86.3636363636364,-13.6363636363636,13.6363636363636,19900,20100,7
"430",-176.628787878788,176.628787878788,-173.371212121212,173.371212121212,19650,20350,7
"431",397.171717171717,-397.171717171717,-20397.1717171717,20397.1717171717,0,40000,9
"432",-100,100,-200,200,19700,20300,10
"433",-24.4444444444444,24.4444444444444,-75.5555555555556,75.5555555555556,19900,20100,5
"434",66.6666666666667,-66.6666666666667,33.3333333333333,-33.3333333333333,20100,19900,4
"435",-46.0606060606061,46.060606060606,-53.939393939394,53.939393939394,19900,20100,5
"436",-83.6363636363636,83.6363636363637,-16.3636363636364,16.3636363636364,19900,20100,5
"437",-169.090909090909,169.090909090909,-130.909090909091,130.909090909091,19700,20300,10
"438",126.868686868687,-126.868686868687,73.1313131313131,-73.1313131313131,20200,19800,6
"439",100,-100,200,-200,20300,19700,6
"440",-100,100,0,0,19900,20100,10
"441",-86.3636363636364,86.3636363636364,-13.6363636363636,13.6363636363636,19900,20100,7
"442",100,-100,0,0,20100,19900,10
"443",2249.09090909091,-2249.09090909091,-22249.0909090909,22249.0909090909,0,40000,9
"444",-54.5454545454545,54.5454545454545,-45.4545454545455,45.4545454545455,19900,20100,7
"445",-105.656565656566,105.656565656566,-94.3434343434344,94.3434343434344,19800,20200,7
"446",831.818181818182,-831.818181818182,368.181818181818,-368.181818181818,21200,18800,10
"447",157.474747474747,-157.474747474747,842.525252525252,-842.525252525253,21000,19000,10
"448",132.020202020202,-132.020202020202,-332.020202020202,332.020202020202,19800,20200,7
"449",-7.105427357601e-15,-7.105427357601e-15,-20000,20000,0,40000,9
"450",407.979797979798,-407.979797979798,2292.0202020202,-2292.0202020202,22700,17300,10
"451",70.7070707070707,-70.7070707070707,29.2929292929293,-29.2929292929293,20100,19900,4
"452",52.5252525252525,-52.5252525252525,47.4747474747475,-47.4747474747475,20100,19900,4
"453",100,-100,100,-100,20200,19800,10
"454",0,0,0,0,20000,20000,10
"455",209.090909090909,-209.090909090909,690.909090909091,-690.909090909091,20900,19100,10
"456",257.171717171717,-257.171717171717,-20257.1717171717,20257.1717171717,0,40000,9
"457",-30.8333333333333,30.8333333333333,-69.1666666666667,69.1666666666667,19900,20100,3
"458",-224.545454545455,224.545454545455,-19775.4545454545,19775.4545454545,0,40000,7
"459",100,-100,0,0,20100,19900,10
"460",-100,100,-19900,19900,0,40000,9
"461",-100,100,0,0,19900,20100,10
"462",-56.1616161616162,56.1616161616162,-43.8383838383838,43.8383838383838,19900,20100,5
"463",72.7272727272727,-72.7272727272727,-172.727272727273,172.727272727273,19900,20100,7
"464",-231.515151515152,243.748484848485,-19768.4848484848,19756.2515151515,0,40000,9
"465",-96.3636363636364,96.3636363636364,-3.63636363636364,3.63636363636364,19900,20100,5
"466",131.313131313131,-131.313131313131,-20131.3131313131,20131.3131313131,0,40000,7
"467",-104.040404040404,104.040404040404,-2595.9595959596,2595.9595959596,17300,22700,10
"468",-100,100,0,0,19900,20100,9
"469",100,-100,0,0,20100,19900,10
"470",145.757575757576,-145.757575757576,54.2424242424242,-54.2424242424242,20200,19800,10
"471",-112.525252525253,112.525252525253,-2587.47474747475,2587.47474747475,17300,22700,10
"472",62.6262626262626,-62.6262626262626,37.3737373737374,-37.3737373737374,20100,19900,4
"473",-1259.39393939394,1259.39393939394,-18740.6060606061,18740.6060606061,0,40000,9
"474",-262.626262626263,262.626262626263,-1537.37373737374,1537.37373737374,18200,21800,10
"475",100,-100,0,0,20100,19900,10
"476",100,-100,200,-200,20300,19700,10
"477",-60.6060606060606,60.6060606060606,-39.3939393939394,39.3939393939394,19900,20100,5
"478",-107.373737373737,107.373737373737,-1692.62626262626,1692.62626262626,18200,21800,10
"479",-72.7272727272727,72.7272727272727,-27.2727272727273,27.2727272727273,19900,20100,7
"480",560.606060606061,-560.606060606061,-20560.6060606061,20560.6060606061,0,40000,7
"481",28.8666666666667,-28.8666666666667,71.1333333333333,-71.1333333333333,20100,19900,2
"482",250.252525252525,-250.252525252525,-20250.2525252525,20250.2525252525,3.63797880709171e-12,40000,9
"483",-88.0808080808081,88.0808080808081,-11.9191919191919,11.9191919191919,19900,20100,5
"484",-300,300,-600,600,19100,20900,10
"485",-100,100,0,0,19900,20100,10
"486",100,-100,0,0,20100,19900,10
"487",-100,100,0,0,19900,20100,10
"488",-41.3131313131313,41.3131313131313,-58.6868686868687,58.6868686868687,19900,20100,5
"489",-54.0909090909091,54.0909090909091,54.0909090909091,-54.0909090909091,20000,20000,10
"490",-33.939393939394,33.9393939393939,-66.0606060606061,66.0606060606061,19900,20100,5
"491",100,-100,800,-800,20900,19100,10
"492",100,-100,200,-200,20300,19700,10
"493",100,-100,0,0,20100,19900,10
"494",-71.010101010101,71.010101010101,-28.989898989899,28.989898989899,19900,20100,5
"495",-44.8484848484849,44.8484848484849,-55.1515151515151,55.1515151515151,19900,20100,5
"496",-319.393939393939,319.393939393939,-1480.60606060606,1480.60606060606,18200,21800,10
"497",88.6868686868687,-88.6868686868687,11.3131313131313,-11.3131313131313,20100,19900,4
"498",-5028.59292929293,5028.59292929293,-5222.40707070707,5222.40707070707,9749,30251,10
"499",15.2525252525252,-15.2525252525252,84.7474747474748,-84.7474747474748,20100,19900,4
"500",-100,100,0,0,19900,20100,10
