"","p1_luck","p2_luck","p1_skill","p2_skill","p1_chip","p2_chip"
"1",69.7,-69.7,30.3,-30.3,100,-100
"2",38.5,-38.5,-138.5,138.5,-100,100
"3",-87.4,87.4,-12.6,12.6,-100,100
"4",-132.881818181818,132.881818181818,32.8818181818182,-32.8818181818182,-100,100
"5",76.9,-76.9,23.1,-23.1,100,-100
"6",-117.1,117.1,17.1,-17.1,-100,100
"7",-74.6272727272727,74.6272727272727,-25.3727272727273,25.3727272727273,-100,100
"8",19.9131313131313,-19.9131313131313,-119.913131313131,119.913131313131,-100,100
"9",-55.1,55.1,-44.9,44.9,-100,100
"10",89.8,-89.8,10.2,-10.2,100,-100
"11",-125.1,125.1,25.1,-25.1,-100,100
"12",-53.4282828282828,53.4282828282828,-46.5717171717172,46.5717171717172,-100,100
"13",114.3,-114.3,-14.3,14.3,100,-100
"14",14.0878787878788,-14.0878787878788,-114.087878787879,114.087878787879,-100,100
"15",109.5,-109.5,-9.5,9.5,100,-100
"16",-73.5,73.5,-26.5,26.5,-100,100
"17",-88.0919191919192,88.0919191919192,-11.9080808080808,11.9080808080808,-100,100
"18",48.4,-48.4,51.6,-51.6,100,-100
"19",114.4,-114.4,-14.4,14.4,100,-100
"20",12.8636363636363,-12.8636363636363,-112.863636363636,112.863636363636,-100,100
"21",-48.820202020202,48.820202020202,-51.179797979798,51.179797979798,-100,100
"22",0,0,-100,100,-100,100
"23",-71.3,71.3,-28.7,28.7,-100,100
"24",-24.4010101010101,24.4010101010101,-75.5989898989899,75.5989898989899,-100,100
"25",-120.8,120.8,20.8,-20.8,-100,100
"26",78.5,-78.5,21.5,-21.5,100,-100
"27",19.3,-19.3,-19.3,19.3,-1.4210854715202e-14,7.105427357601e-15
"28",-22.4323232323232,22.4323232323232,-77.5676767676768,77.5676767676767,-100,100
"29",-60.9,60.9,-39.1,39.1,-100,100
"30",0,0,100,-100,100,-100
"31",-39.3292929292929,39.3292929292929,-60.6707070707071,60.6707070707071,-100,100
"32",-68.5,68.5,-31.5,31.5,-100,100
"33",131.3,-131.3,-31.3,31.3,100,-100
"34",37.8,-37.8,-37.8,37.8,0,0
"35",-51.6808080808081,51.6808080808081,-48.3191919191919,48.3191919191919,-100,100
"36",126.8,-126.8,-26.8,26.8,100,-100
"37",52.7282828282828,-52.7282828282828,-152.728282828283,152.728282828283,-100,100
"38",67.2,-67.2,32.8,-32.8,100,-100
"39",27.4333333333333,-27.4333333333333,-127.433333333333,127.433333333333,-100,100
"40",-74.0909090909091,74.0909090909091,-25.9090909090909,25.9090909090909,-100,100
"41",71.7545454545455,-71.7545454545455,-171.754545454545,171.754545454545,-100,100
"42",55.2,-55.2,-155.2,155.2,-100,100
"43",0,0,100,-100,100,-100
"44",-31.6292929292929,31.6292929292929,-68.3707070707071,68.3707070707071,-100,100
"45",70.4,-70.4,29.6,-29.6,100,-100
"46",19.6262626262626,-19.6262626262626,-119.626262626263,119.626262626263,-100,100
"47",8.96565656565656,-8.96565656565656,-108.965656565657,108.965656565657,-100,100
"48",106.6,-106.6,-6.59999999999999,6.59999999999998,100,-100
"49",-62.2262626262626,62.2262626262626,-37.7737373737374,37.7737373737374,-100,100
"50",-113.5,113.5,13.5,-13.5,-100,100
"51",126.1,-126.1,-26.1,26.1,100,-100
"52",-11.6383838383838,11.6383838383838,-88.3616161616162,88.3616161616162,-100,100
"53",9.5,-9.5,-9.5,9.5,-3.5527136788005e-15,3.5527136788005e-15
"54",34.4,-34.4,-134.4,134.4,-100,100
"55",-16.9393939393939,16.9393939393939,-83.0606060606061,83.0606060606061,-100,100
"56",-67.2131313131313,67.2131313131313,-32.7868686868687,32.7868686868687,-100,100
"57",0,0,-100,100,-100,100
"58",134.5,-134.5,-34.5,34.5,100,-100
"59",100.389898989899,-100.389898989899,-200.389898989899,200.389898989899,-100,100
"60",-74.1,74.1,-25.9,25.9,-100,100
"61",-58.2484848484848,58.2484848484848,-41.7515151515152,41.7515151515152,-100,100
"62",165.1,-165.1,-65.1,65.1,100,-100
"63",22.2,-22.2,-22.2,22.2,-7.105427357601e-15,7.105427357601e-15
"64",-69.6,69.6,-30.4,30.4,-100,100
"65",-114.4,114.4,14.4,-14.4,-100,100
"66",-73.5,73.5,-26.5,26.5,-100,100
"67",64.2,-64.2,35.8,-35.8,100,-100
"68",59.830303030303,-59.830303030303,-159.830303030303,159.830303030303,-100,100
"69",0,0,100,-100,100,-100
"70",-27.5040404040404,27.5040404040404,-72.4959595959596,72.4959595959596,-100,100
"71",70.0282828282828,-70.0282828282828,-170.028282828283,170.028282828283,-100,100
"72",-62.2767676767677,62.2767676767677,-37.7232323232323,37.7232323232323,-100,100
"73",11.6404040404041,-11.6404040404041,-111.640404040404,111.640404040404,-100,100
"74",-65.2414141414141,65.2414141414141,-34.7585858585859,34.7585858585859,-100,100
"75",-130.3,130.3,30.3,-30.3,-100,100
"76",69.7,-69.7,-169.7,169.7,-100,100
"77",0,0,100,-100,100,-100
"78",120.5,-120.5,-220.5,220.5,-100,100
"79",150.7,-150.7,-50.7,50.7,100,-100
"80",85.3,-85.3,14.7,-14.7,100,-100
"81",42.1181818181818,-42.1181818181818,-142.118181818182,142.118181818182,-100,100
"82",144.7,-144.7,-44.7,44.7,100,-100
"83",12.2838383838384,-12.2838383838384,-112.283838383838,112.283838383838,-100,100
"84",-59.6,59.6,-40.4,40.4,-100,100
"85",-13.5616161616162,13.5616161616162,-86.4383838383838,86.4383838383838,-100,100
"86",-26.5,26.5,-73.5,73.5,-100,100
"87",-24.2686868686869,24.2686868686869,-75.7313131313131,75.7313131313131,-100,100
"88",64.7,-64.7,35.3,-35.3,100,-100
"89",0.404040404040407,-0.404040404040407,-100.40404040404,100.40404040404,-100,100
"90",-11.4171717171717,11.4171717171717,-88.5828282828283,88.5828282828283,-100,100
"91",60.8,-60.8,39.2,-39.2,100,-100
"92",65.1,-65.1,-165.1,165.1,-100,100
"93",124.9,-124.9,-24.9,24.9,100,-100
"94",-128.9,128.9,28.9,-28.9,-100,100
"95",-5.54545454545454,5.54545454545454,-94.4545454545455,94.4545454545455,-100,100
"96",-33.3323232323232,33.3323232323232,-66.6676767676768,66.6676767676768,-100,100
"97",-24.9242424242424,24.9242424242425,-75.0757575757576,75.0757575757576,-100,100
"98",-79.6,79.6,-20.4,20.4,-100,100
"99",115.4,-115.4,-15.4,15.4,100,-100
"100",-1.08181818181818,1.08181818181818,-98.9181818181818,98.9181818181818,-100,100
"101",134,-134,-34,34,100,-100
"102",68.2080808080808,-68.2080808080808,-168.208080808081,168.208080808081,-100,100
"103",22.6383838383838,-22.6383838383838,-122.638383838384,122.638383838384,-100,100
"104",132.6,-132.6,-32.6,32.6,100,-100
"105",111.9,-111.9,-11.9,11.9,100,-100
"106",70.9,-70.9,29.1,-29.1,100,-100
"107",-108.060606060606,108.060606060606,8.06060606060606,-8.06060606060606,-100,100
"108",-130.9,130.9,30.9,-30.9,-100,100
"109",126.6,-126.6,-26.6,26.6,100,-100
"110",-102.7,102.7,2.69999999999999,-2.69999999999999,-100,100
"111",-79.0212121212121,79.0212121212121,-20.9787878787879,20.9787878787879,-100,100
"112",-23.9848484848485,23.9848484848485,-76.0151515151515,76.0151515151515,-100,100
"113",-88.2,88.2,-11.8,11.8,-100,100
"114",-67.5,67.5,-32.5,32.5,-100,100
"115",72.1,-72.1,27.9,-27.9,100,-100
"116",-60.2,60.2,-39.8,39.8,-100,100
"117",-0.0454545454545485,0.0454545454545485,-99.9545454545455,99.9545454545455,-100,100
"118",10.3,-10.3,-10.3,10.3,0,0
"119",-101.186868686869,101.186868686869,1.18686868686868,-1.18686868686868,-100,100
"120",-56.7767676767677,56.7767676767677,-43.2232323232323,43.2232323232323,-100,100
"121",24.3585858585859,-24.3585858585859,-124.358585858586,124.358585858586,-100,100
"122",84.2,-84.2,15.8,-15.8,100,-100
"123",124.4,-124.4,-24.4,24.4,100,-100
"124",-22.7818181818182,22.7818181818182,-77.2181818181818,77.2181818181818,-100,100
"125",87.3,-87.3,12.7,-12.7,100,-100
"126",0,0,-100,100,-100,100
"127",-67.9,67.9,-32.1,32.1,-100,100
"128",-83.9,83.9,-16.1,16.1,-100,100
"129",77.2535353535354,-77.2535353535354,-177.253535353535,177.253535353535,-100,100
"130",-82.2393939393939,82.2393939393939,-17.7606060606061,17.7606060606061,-100,100
"131",72.9,-72.9,27.1,-27.1,100,-100
"132",27.9373737373738,-27.9373737373738,-127.937373737374,127.937373737374,-100,100
"133",-25.1676767676768,25.1676767676768,-74.8323232323232,74.8323232323232,-100,100
"134",61.4,-61.4,38.6,-38.6,100,-100
"135",-77.6,77.6,-22.4,22.4,-100,100
"136",-70.9,70.9,-29.1,29.1,-100,100
"137",-115.3,115.3,15.3,-15.3,-100,100
"138",124.8,-124.8,-24.8,24.8,100,-100
"139",-38.5383838383838,38.5383838383838,-61.4616161616161,61.4616161616162,-100,100
"140",97.640404040404,-97.640404040404,-197.640404040404,197.640404040404,-100,100
"141",73.6,-73.6,26.4,-26.4,100,-100
"142",-23.7,23.7,-76.3,76.3,-100,100
"143",-35.4323232323232,35.4323232323232,-64.5676767676768,64.5676767676768,-100,100
"144",-16.8,16.8,-83.2,83.2,-100,100
"145",-71.8,71.8,-28.2,28.2,-100,100
"146",20.7,-20.7,-120.7,120.7,-100,100
"147",138.5,-138.5,-38.5,38.5,100,-100
"148",-71.4808080808081,71.4808080808081,-28.5191919191919,28.5191919191919,-100,100
"149",-75.5434343434343,75.5434343434343,-24.4565656565657,24.4565656565657,-100,100
"150",0,0,100,-100,100,-100
"151",-84,84,-16,16,-100,100
"152",-58.5181818181818,58.5181818181818,-41.4818181818182,41.4818181818182,-100,100
"153",25.6818181818182,-25.6818181818182,-125.681818181818,125.681818181818,-100,100
"154",-28.9989898989899,28.9989898989899,-71.0010101010101,71.0010101010101,-100,100
"155",-142.8,142.8,42.8,-42.8,-100,100
"156",-25.7,25.7,-74.3,74.3,-100,100
"157",-52.1,52.1,-47.9,47.9,-100,100
"158",-78.1,78.1,-21.9,21.9,-100,100
"159",-66.1,66.1,-33.9,33.9,-100,100
"160",134.2,-134.2,-34.2,34.2,100,-100
"161",-118.4,118.4,18.4,-18.4,-100,100
"162",126.6,-126.6,-226.6,226.6,-100,100
"163",57,-57,-157,157,-100,100
"164",-62.3010101010101,62.3010101010101,-37.6989898989899,37.6989898989899,-100,100
"165",-17.9232323232323,17.9232323232323,-82.0767676767677,82.0767676767677,-100,100
"166",72.1,-72.1,27.9,-27.9,100,-100
"167",127.9,-127.9,-27.9,27.9,100,-100
"168",0,0,100,-100,100,-100
"169",-65.8,65.8,-34.2,34.2,-100,100
"170",20.230303030303,-20.230303030303,-120.230303030303,120.230303030303,-100,100
"171",120.7,-120.7,-220.7,220.7,-100,100
"172",149.5,-149.5,-49.5,49.5,100,-100
"173",0,0,-100,100,-100,100
"174",-117.3,117.3,17.3,-17.3,-100,100
"175",137.1,-137.1,-37.1,37.1,100,-100
"176",-49,49,-51,51,-100,100
"177",0,0,100,-100,100,-100
"178",-42.5424242424242,42.5424242424242,-57.4575757575758,57.4575757575758,-100,100
"179",-44.1727272727273,44.1727272727273,-55.8272727272727,55.8272727272727,-100,100
"180",41.8242424242424,-41.8242424242424,-141.824242424242,141.824242424242,-100,100
"181",85.7,-85.7,-185.7,185.7,-100,100
"182",42.2727272727273,-42.2727272727273,-142.272727272727,142.272727272727,-100,100
"183",36.8323232323232,-36.8323232323232,-136.832323232323,136.832323232323,-100,100
"184",1.89090909090909,-1.89090909090908,-101.890909090909,101.890909090909,-100,100
"185",-4.79090909090909,4.79090909090909,-95.2090909090909,95.2090909090909,-100,100
"186",-87.6818181818182,87.6818181818182,-12.3181818181818,12.3181818181818,-100,100
"187",70.9,-70.9,29.1,-29.1,100,-100
"188",-89.5242424242424,89.5242424242424,-10.4757575757576,10.4757575757576,-100,100
"189",-100.521212121212,100.521212121212,0.521212121212121,-0.521212121212121,-100,100
"190",-27.3030303030303,27.3030303030303,-72.6969696969697,72.6969696969697,-100,100
"191",123.79898989899,-123.79898989899,-223.79898989899,223.79898989899,-100,100
"192",-63.8,63.8,-36.2,36.2,-100,100
"193",68.7050505050505,-68.7050505050505,-168.705050505051,168.705050505051,-100,100
"194",-30.9484848484848,30.9484848484848,-69.0515151515152,69.0515151515152,-100,100
"195",-73.8434343434343,73.8434343434343,-26.1565656565657,26.1565656565657,-100,100
"196",73.2,-73.2,26.8,-26.8,100,-100
"197",18.6161616161616,-18.6161616161616,-118.616161616162,118.616161616162,-100,100
"198",84.6,-84.6,15.4,-15.4,100,-100
"199",0,0,-100,100,-100,100
"200",86.9,-86.9,13.1,-13.1,100,-100
"201",88.7,-88.7,11.3,-11.3,100,-100
"202",0,0,-100,100,-100,100
"203",100.60303030303,-100.60303030303,-200.60303030303,200.60303030303,-100,100
"204",67.3,-67.3,32.7,-32.7,100,-100
"205",1.52323232323233,-1.52323232323233,-101.523232323232,101.523232323232,-100,100
"206",-83,83,-17,17,-100,100
"207",87.1,-87.1,12.9,-12.9,100,-100
"208",-49.2282828282828,49.2282828282828,-50.7717171717172,50.7717171717172,-100,100
"209",0,0,100,-100,100,-100
"210",-86.5636363636364,86.5636363636364,-13.4363636363636,13.4363636363636,-100,100
"211",-53.8191919191919,53.8191919191919,-46.1808080808081,46.1808080808081,-100,100
"212",69.3,-69.3,30.7,-30.7,100,-100
"213",-70.4,70.4,-29.6,29.6,-100,100
"214",7.96868686868688,-7.96868686868688,-107.968686868687,107.968686868687,-100,100
"215",-27.5353535353535,27.5353535353535,-72.4646464646465,72.4646464646465,-100,100
"216",80.1,-80.1,19.9,-19.9,100,-100
"217",103.2,-103.2,-203.2,203.2,-100,100
"218",-79.9,79.9,-20.1,20.1,-100,100
"219",133.3,-133.3,-33.3,33.3,100,-100
"220",72.3,-72.3,27.7,-27.7,100,-100
"221",-111.550505050505,111.550505050505,11.550505050505,-11.550505050505,-100,100
"222",0,0,100,-100,100,-100
"223",0,0,-100,100,-100,100
"224",59.5888888888889,-59.5888888888889,-159.588888888889,159.588888888889,-100,100
"225",-74.7959595959596,74.7959595959596,-25.2040404040404,25.2040404040404,-100,100
"226",31.5454545454545,-31.5454545454545,-131.545454545455,131.545454545455,-100,100
"227",-80.0131313131313,80.0131313131313,-19.9868686868687,19.9868686868687,-100,100
"228",1.4979797979798,-1.49797979797979,-101.49797979798,101.49797979798,-100,100
"229",-52.0020202020202,52.0020202020202,-47.9979797979798,47.9979797979798,-100,100
"230",-137.790909090909,137.790909090909,37.7909090909091,-37.7909090909091,-100,100
"231",80,-80,20,-20,100,-100
"232",-66.8,66.8,-33.2,33.2,-100,100
"233",-84.7,84.7,-15.3,15.3,-100,100
"234",-78.4070707070707,78.4070707070707,-21.5929292929293,21.5929292929293,-100,100
"235",-87.1,87.1,-12.9,12.9,-100,100
"236",130.9,-130.9,-30.9,30.9,100,-100
"237",-74.6,74.6,-25.4,25.4,-100,100
"238",0,0,-100,100,-100,100
"239",-102.981818181818,102.981818181818,2.98181818181817,-2.98181818181817,-100,100
"240",82.7080808080808,-82.7080808080808,-182.708080808081,182.708080808081,-100,100
"241",122.924242424242,-122.924242424242,-222.924242424242,222.924242424242,-100,100
"242",-112.310101010101,112.310101010101,12.310101010101,-12.310101010101,-100,100
"243",116.8,-116.8,-16.8,16.8,100,-100
"244",15.1757575757576,-15.1757575757576,-115.175757575758,115.175757575758,-100,100
"245",132.2,-132.2,-32.2,32.2,100,-100
"246",-90.9343434343434,90.9343434343434,-9.06565656565657,9.06565656565657,-100,100
"247",0,0,100,-100,100,-100
"248",129.5,-129.5,-29.5,29.5,100,-100
"249",-23.6686868686869,23.6686868686869,-76.3313131313131,76.3313131313131,-100,100
"250",-69.1626262626263,69.1626262626263,-30.8373737373737,30.8373737373737,-100,100
"251",-24.6,24.6,-75.4,75.4,-100,100
"252",0,0,250,-250,250,-250
"253",-63.2,63.2,-36.8,36.8,-100,100
"254",79.6,-79.6,20.4,-20.4,100,-100
"255",-120.092929292929,120.092929292929,20.0929292929293,-20.0929292929293,-100,100
"256",-80.4,80.4,-19.6,19.6,-100,100
"257",-72.469696969697,72.469696969697,-27.530303030303,27.530303030303,-100,100
"258",61,-61,39,-39,100,-100
"259",-82.2,82.2,-17.8,17.8,-100,100
"260",0,0,100,-100,100,-100
"261",-59.2323232323232,59.2323232323232,-40.7676767676768,40.7676767676768,-100,100
"262",-78.8,78.8,-21.2,21.2,-100,100
"263",-96.6363636363637,96.6363636363636,-3.36363636363637,3.36363636363637,-100,100
"264",-19.1010101010101,19.1010101010101,-80.8989898989899,80.8989898989899,-100,100
"265",138.5,-138.5,-38.5,38.5,100,-100
"266",-76.8,76.8,-23.2,23.2,-100,100
"267",-79.8444444444444,79.8444444444444,-20.1555555555556,20.1555555555556,-100,100
"268",-82.5,82.5,-17.5,17.5,-100,100
"269",-122.6,122.6,22.6,-22.6,-100,100
"270",84.7,-84.7,-184.7,184.7,-100,100
"271",-36.7767676767677,36.7767676767677,-63.2232323232323,63.2232323232323,-100,100
"272",-3.80707070707071,3.80707070707071,-96.1929292929293,96.1929292929293,-100,100
"273",76.7,-76.7,23.3,-23.3,100,-100
"274",72.3,-72.3,27.7,-27.7,100,-100
"275",56.6,-56.6,43.4,-43.4,100,-100
"276",140.2,-140.2,-240.2,240.2,-100,100
"277",6.42424242424242,-6.42424242424242,-106.424242424242,106.424242424242,-100,100
"278",65.4,-65.4,34.6,-34.6,100,-100
"279",10.6,-10.6,-10.6,10.6,3.5527136788005e-15,7.105427357601e-15
"280",0,0,100,-100,100,-100
"281",-101.3,101.3,1.30000000000001,-1.30000000000001,-100,100
"282",-89.9,89.9,-10.1,10.1,-100,100
"283",0,0,-100,100,-100,100
"284",38.1353535353536,-38.1353535353536,-138.135353535354,138.135353535354,-100,100
"285",82.4,-82.4,17.6,-17.6,100,-100
"286",126.4,-126.4,-226.4,226.4,-100,100
"287",134.8,-134.8,-34.8,34.8,100,-100
"288",115.4,-115.4,-15.4,15.4,100,-100
"289",-136.2,136.2,36.2,-36.2,-100,100
"290",-129,129,29,-29,-100,100
"291",-10.0484848484849,10.0484848484848,-89.9515151515151,89.9515151515152,-100,100
"292",51.3,-51.3,-151.3,151.3,-100,100
"293",83.3,-83.3,16.7,-16.7,100,-100
"294",-124.752525252525,124.752525252525,24.7525252525253,-24.7525252525253,-100,100
"295",22.7909090909091,-22.7909090909091,-122.790909090909,122.790909090909,-100,100
"296",-70.6808080808081,70.6808080808081,-29.3191919191919,29.3191919191919,-100,100
"297",75.8747474747475,-75.8747474747475,-175.874747474747,175.874747474747,-100,100
"298",117.5,-117.5,-17.5,17.5,100,-100
"299",124.9,-124.9,-224.9,224.9,-100,100
"300",-62.2,62.2,-37.8,37.8,-100,100
"301",-66.230303030303,66.230303030303,-33.769696969697,33.769696969697,-100,100
"302",32.6676767676768,-32.6676767676768,-132.667676767677,132.667676767677,-100,100
"303",53.6,-53.6,-153.6,153.6,-100,100
"304",-86.0888888888889,86.0888888888889,-13.9111111111111,13.9111111111111,-100,100
"305",-77.9131313131313,77.9131313131313,-22.0868686868687,22.0868686868687,-100,100
"306",-80,80,-20,20,-100,100
"307",75.9,-75.9,24.1,-24.1,100,-100
"308",-84.1,84.1,-15.9,15.9,-100,100
"309",-70.8,70.8,-29.2,29.2,-100,100
"310",0,0,100,-100,100,-100
"311",59.2,-59.2,-159.2,159.2,-100,100
"312",-15.8353535353535,15.8353535353535,-84.1646464646465,84.1646464646464,-100,100
"313",0,0,100,-100,100,-100
"314",-123.8,123.8,23.8,-23.8,-100,100
"315",31.5606060606061,-31.5606060606061,-131.560606060606,131.560606060606,-100,100
"316",-87.4,87.4,-12.6,12.6,-100,100
"317",139.4,-139.4,-39.4,39.4,100,-100
"318",65.7111111111111,-65.7111111111111,-165.711111111111,165.711111111111,-100,100
"319",50.7,-50.7,-150.7,150.7,-100,100
"320",37.3646464646465,-37.3646464646465,-137.364646464646,137.364646464646,-100,100
"321",14.7131313131313,-14.7131313131313,-114.713131313131,114.713131313131,-100,100
"322",-71.3,71.3,-28.7,28.7,-100,100
"323",133.2,-133.2,-33.2,33.2,100,-100
"324",-4.91111111111111,4.91111111111109,-95.0888888888889,95.0888888888889,-100,100
"325",-32.779797979798,32.779797979798,-67.220202020202,67.220202020202,-100,100
"326",62,-62,-162,162,-100,100
"327",-36.5484848484848,36.5484848484849,-63.4515151515152,63.4515151515151,-100,100
"328",-85,85,-15,15,-100,100
"329",-70.4,70.4,-29.6,29.6,-100,100
"330",0,0,100,-100,100,-100
"331",63.5,-63.5,36.5,-36.5,100,-100
"332",125.3,-125.3,-25.3,25.3,100,-100
"333",75.9,-75.9,-175.9,175.9,-100,100
"334",82.3,-82.3,17.7,-17.7,100,-100
"335",-44.5636363636364,44.5636363636364,-55.4363636363636,55.4363636363636,-100,100
"336",-49.5484848484848,49.5484848484848,-50.4515151515152,50.4515151515152,-100,100
"337",69.279797979798,-69.279797979798,-169.279797979798,169.279797979798,-100,100
"338",-57,57,-43,43,-100,100
"339",0,0,100,-100,100,-100
"340",-60.9808080808081,60.9808080808081,-39.0191919191919,39.0191919191919,-100,100
"341",-92.8636363636363,92.8636363636363,-7.13636363636365,7.13636363636365,-100,100
"342",53.5,-53.5,46.5,-46.5,100,-100
"343",-121.6,121.6,21.6,-21.6,-100,100
"344",-78.4,78.4,-21.6,21.6,-100,100
"345",131.2,-131.2,-31.2,31.2,100,-100
"346",123.4,-123.4,-223.4,223.4,-100,100
"347",-126.021212121212,126.021212121212,26.0212121212121,-26.0212121212121,-100,100
"348",-35.0161616161616,35.0161616161616,-64.9838383838384,64.9838383838384,-100,100
"349",-22.5,22.5,22.5,-22.5,7.105427357601e-15,-7.105427357601e-15
"350",3.18383838383838,-3.1838383838384,-103.183838383838,103.183838383838,-100,100
"351",62.7,-62.7,37.3,-37.3,100,-100
"352",68.7,-68.7,31.3,-31.3,100,-100
"353",22.7585858585859,-22.7585858585859,-122.758585858586,122.758585858586,-100,100
"354",54.7,-54.7,45.3,-45.3,100,-100
"355",85.0282828282828,-85.0282828282828,-185.028282828283,185.028282828283,-100,100
"356",63.8,-63.8,-163.8,163.8,-100,100
"357",51,-51,49,-49,100,-100
"358",32.3585858585859,-32.3585858585859,-132.358585858586,132.358585858586,-100,100
"359",134.1,-134.1,-34.1,34.1,100,-100
"360",69.7,-69.7,30.3,-30.3,100,-100
"361",135.9,-135.9,-235.9,235.9,-100,100
"362",-82,82,-18,18,-100,100
"363",118.3,-118.3,-18.3,18.3,100,-100
"364",58.6353535353535,-58.6353535353535,-158.635353535354,158.635353535354,-100,100
"365",-72.5909090909091,72.5909090909091,-27.4090909090909,27.4090909090909,-100,100
"366",80.2,-80.2,19.8,-19.8,100,-100
"367",-76.2,76.2,-23.8,23.8,-100,100
"368",-20.2606060606061,20.2606060606061,-79.7393939393939,79.7393939393939,-100,100
"369",54.6,-54.6,-154.6,154.6,-100,100
"370",-125.8,125.8,25.8,-25.8,-100,100
"371",97.3,-97.3,2.69999999999999,-2.69999999999999,100,-100
"372",127.2,-127.2,-27.2,27.2,100,-100
"373",132,-132,-232,232,-100,100
"374",-74.1,74.1,-25.9,25.9,-100,100
"375",62.8,-62.8,37.2,-37.2,100,-100
"376",-85.6,85.6,-14.4,14.4,-100,100
"377",63.2,-63.2,36.8,-36.8,100,-100
"378",-72.5212121212121,72.5212121212121,-27.4787878787879,27.4787878787879,-100,100
"379",-118,118,18,-18,-100,100
"380",-62.2808080808081,62.2808080808081,-37.7191919191919,37.7191919191919,-100,100
"381",-48.7939393939394,48.7939393939394,-51.2060606060606,51.2060606060606,-100,100
"382",57.2,-57.2,42.8,-42.8,100,-100
"383",87.3,-87.3,12.7,-12.7,100,-100
"384",51.6,-51.6,-151.6,151.6,-100,100
"385",62.3,-62.3,37.7,-37.7,100,-100
"386",-74.4545454545455,74.4545454545455,-25.5454545454545,25.5454545454545,-100,100
"387",-39.1555555555556,39.1555555555555,-60.8444444444445,60.8444444444445,-100,100
"388",62.0656565656565,-62.0656565656565,-162.065656565657,162.065656565657,-100,100
"389",77,-77,23,-23,100,-100
"390",-64.3,64.3,-35.7,35.7,-100,100
"391",84.8,-84.8,-184.8,184.8,-100,100
"392",83,-83,17,-17,100,-100
"393",75.2,-75.2,24.8,-24.8,100,-100
"394",156.4,-156.4,-56.4,56.4,100,-100
"395",-70.8,70.8,-29.2,29.2,-100,100
"396",-53.7727272727273,53.7727272727273,-46.2272727272727,46.2272727272727,-100,100
"397",-56.5,56.5,-43.5,43.5,-100,100
"398",-69.3,69.3,-30.7,30.7,-100,100
"399",-118.9,118.9,18.9,-18.9,-100,100
"400",-43.1262626262626,43.1262626262626,-56.8737373737374,56.8737373737374,-100,100
"401",158.022222222222,-158.022222222222,-258.022222222222,258.022222222222,-100,100
"402",-65.2,65.2,-34.8,34.8,-100,100
"403",0.653535353535339,-0.653535353535339,-100.653535353535,100.653535353535,-100,100
"404",0,0,100,-100,100,-100
"405",-20.5464646464647,20.5464646464647,-79.4535353535354,79.4535353535354,-100,100
"406",-69.7414141414141,69.7414141414142,-30.2585858585859,30.2585858585859,-100,100
"407",81.3,-81.3,-181.3,181.3,-100,100
"408",76,-76,24,-24,100,-100
"409",78.3,-78.3,21.7,-21.7,100,-100
"410",60.2,-60.2,39.8,-39.8,100,-100
"411",-127.028282828283,127.028282828283,27.0282828282829,-27.0282828282828,-100,100
"412",72.8,-72.8,27.2,-27.2,100,-100
"413",70.9,-70.9,29.1,-29.1,100,-100
"414",-58.1888888888889,58.1888888888889,-41.8111111111111,41.8111111111111,-100,100
"415",-51.4858585858586,51.4858585858586,-48.5141414141414,48.5141414141414,-100,100
"416",-73.9,73.9,-26.1,26.1,-100,100
"417",73.9,-73.9,26.1,-26.1,100,-100
"418",-90.7636363636364,90.7636363636364,-9.23636363636364,9.23636363636364,-100,100
"419",-51.2,51.2,-48.8,48.8,-100,100
"420",129.1,-129.1,-29.1,29.1,100,-100
"421",-67.2020202020202,67.2020202020202,-32.7979797979798,32.7979797979798,-100,100
"422",-113.2,113.2,13.2,-13.2,-100,100
"423",0,0,-100,100,-100,100
"424",0,0,-100,100,-100,100
"425",-1.14343434343434,1.14343434343434,-98.8565656565657,98.8565656565656,-100,100
"426",26.8323232323232,-26.8323232323232,-126.832323232323,126.832323232323,-100,100
"427",-74.7,74.7,-25.3,25.3,-100,100
"428",119.3,-119.3,-19.3,19.3,100,-100
"429",0,0,-100,100,-100,100
"430",-61.8313131313131,61.8313131313131,-38.1686868686869,38.1686868686869,-100,100
"431",-67.3,67.3,-32.7,32.7,-100,100
"432",0,0,-100,100,-100,100
"433",110.2,-110.2,-10.2,10.2,100,-100
"434",139.9,-139.9,-39.9,39.9,100,-100
"435",-65.7,65.7,-34.3,34.3,-100,100
"436",75.2,-75.2,-175.2,175.2,-100,100
"437",119,-119,-19,19,100,-100
"438",89.4,-89.4,10.6,-10.6,100,-100
"439",-54.3070707070707,54.3070707070707,-45.6929292929293,45.6929292929293,-100,100
"440",-67.1555555555556,67.1555555555556,-32.8444444444445,32.8444444444445,-100,100
"441",0,0,-100,100,-100,100
"442",-84.8,84.8,-15.2,15.2,-100,100
"443",115.1,-115.1,-15.1,15.1,100,-100
"444",-43.7636363636364,43.7636363636364,-56.2363636363636,56.2363636363636,-100,100
"445",-67.1040404040404,67.1040404040404,-32.8959595959596,32.8959595959596,-100,100
"446",14.9919191919192,-14.9919191919192,-114.991919191919,114.991919191919,-100,100
"447",21.4313131313131,-21.4313131313131,-121.431313131313,121.431313131313,-100,100
"448",-23.2626262626263,23.2626262626263,-76.7373737373737,76.7373737373737,-100,100
"449",143.7,-143.7,-43.7,43.7,100,-100
"450",-83.7,83.7,-16.3,16.3,-100,100
"451",-54.4,54.4,-45.6,45.6,-100,100
"452",-16.1848484848485,16.1848484848485,-83.8151515151515,83.8151515151515,-100,100
"453",-22.6464646464646,22.6464646464646,-77.3535353535354,77.3535353535354,-100,100
"454",74.9,-74.9,25.1,-25.1,100,-100
"455",65,-65,35,-35,100,-100
"456",-77.2111111111111,77.2111111111111,-22.7888888888889,22.7888888888889,-100,100
"457",109,-109,-209,209,-100,100
"458",58.6,-58.6,41.4,-41.4,100,-100
"459",-129.5,129.5,29.5,-29.5,-100,100
"460",-113.9,113.9,13.9,-13.9,-100,100
"461",-60.9828282828283,60.9828282828283,-39.0171717171717,39.0171717171717,-100,100
"462",78.4,-78.4,-178.4,178.4,-100,100
"463",0,0,-100,100,-100,100
"464",0,0,100,-100,100,-100
"465",-58.7,58.7,-41.3,41.3,-100,100
"466",-77.2949494949495,77.2949494949495,-22.7050505050505,22.7050505050505,-100,100
"467",25.0545454545455,-25.0545454545455,-125.054545454545,125.054545454545,-100,100
"468",148.8,-148.8,-48.8,48.8,100,-100
"469",-53.6,53.6,-46.4,46.4,-100,100
"470",76.9,-76.9,23.1,-23.1,100,-100
"471",68.3,-68.3,31.7,-31.7,100,-100
"472",4.6939393939394,-4.69393939393941,-104.693939393939,104.693939393939,-100,100
"473",-134.5,134.5,34.5,-34.5,-100,100
"474",-56.6181818181818,56.6181818181818,-43.3818181818182,43.3818181818182,-100,100
"475",-56.7131313131313,56.7131313131313,-43.2868686868687,43.2868686868687,-100,100
"476",-52.7,52.7,-47.3,47.3,-100,100
"477",86,-86,-186,186,-100,100
"478",-24.8161616161616,24.8161616161616,-75.1838383838384,75.1838383838384,-100,100
"479",-25.3949494949495,25.3949494949495,-74.6050505050505,74.6050505050505,-100,100
"480",110.6,-110.6,-10.6,10.6,100,-100
"481",-69,69,-31,31,-100,100
"482",-84.6,84.6,-15.4,15.4,-100,100
"483",0,0,100,-100,100,-100
"484",-71.6,71.6,-28.4,28.4,-100,100
"485",-122.7,122.7,22.7,-22.7,-100,100
"486",62,-62,-162,162,-100,100
"487",17.830303030303,-17.830303030303,-117.830303030303,117.830303030303,-100,100
"488",108.6,-108.6,-8.59999999999999,8.59999999999998,100,-100
"489",-120.6,120.6,20.6,-20.6,-100,100
"490",-77.4010101010101,77.4010101010101,-22.5989898989899,22.5989898989899,-100,100
"491",11.2060606060606,-11.2060606060606,-111.206060606061,111.206060606061,-100,100
"492",122.3,-122.3,-22.3,22.3,100,-100
"493",85.6,-85.6,14.4,-14.4,100,-100
"494",-37.5252525252525,37.5252525252525,-62.4747474747475,62.4747474747475,-100,100
"495",71,-71,-171,171,-100,100
"496",-27.959595959596,27.959595959596,-72.040404040404,72.040404040404,-100,100
"497",71.8,-71.8,-171.8,171.8,-100,100
"498",121.6,-121.6,-21.6,21.6,100,-100
"499",3.57474747474746,-3.57474747474746,-103.574747474747,103.574747474747,-100,100
"500",-90.2616161616162,90.2616161616161,-9.73838383838385,9.73838383838386,-100,100
"501",-39.8,39.8,-10.2,10.2,-50,50
"502",0,0,100,-100,100,-100
"503",-42.4,42.4,-7.60000000000001,7.59999999999999,-50,50
"504",15.5,-15.5,-65.5,65.5,-50,50
"505",38.3,-38.3,-88.3,88.3,-50,50
"506",0,0,100,-100,100,-100
"507",23.8,-23.8,-73.8,73.8,-50,50
"508",-16.4,16.4,-33.6,33.6,-50,50
"509",-10.2,10.2,-39.8,39.8,-50,50
"510",15.9,-15.9,-65.9,65.9,-50,50
"511",12,-12,-62,62,-50,50
"512",-50,73.1,0,-23.1,-50,50
"513",-12.9,12.9,-37.1,37.1,-50,50
"514",-31.1,31.1,-18.9,18.9,-50,50
"515",-46.9,46.9,-3.10000000000002,3.10000000000002,-50,50
"516",5.40000000000001,-5.40000000000001,-55.4,55.4,-50,50
"517",0,0,100,-100,100,-100
"518",9.79999999999998,-9.8,-59.8,59.8,-50,50
"519",53,-53,-103,103,-50,50
"520",-37,37,-13,13,-50,50
"521",-14.7,14.7,-35.3,35.3,-50,50
"522",-6.5,6.5,-43.5,43.5,-50,50
"523",21,-21,-71,71,-50,50
"524",0,0,100,-100,100,-100
"525",-28.8,28.8,-21.2,21.2,-50,50
"526",-23.3,23.3,-26.7,26.7,-50,50
"527",20.8,-20.8,-70.8,70.8,-50,50
"528",-34.1,34.1,-15.9,15.9,-50,50
"529",-37.6,37.6,-12.4,12.4,-50,50
"530",11,-11,-61,61,-50,50
"531",0,0,100,-100,100,-100
"532",35.5,-35.5,-85.5,85.5,-50,50
"533",-39.5,39.5,-10.5,10.5,-50,50
"534",42.2,-42.2,-92.2,92.2,-50,50
"535",-7,7,-43,43,-50,50
"536",-3.69999999999999,3.69999999999999,-46.3,46.3,-50,50
"537",-23.7,23.7,-26.3,26.3,-50,50
"538",-21.3,21.3,-28.7,28.7,-50,50
"539",36.3,-36.3,-86.3,86.3,-50,50
"540",3.8,-3.8,-53.8,53.8,-50,50
"541",30.7,-30.7,-80.7,80.7,-50,50
"542",-31.4,31.4,-18.6,18.6,-50,50
"543",-28.1,28.1,-21.9,21.9,-50,50
"544",23.1,-23.1,-73.1,73.1,-50,50
"545",21.2,-21.2,-71.2,71.2,-50,50
"546",-23.4,23.4,-26.6,26.6,-50,50
"547",-39.4,39.4,-10.6,10.6,-50,50
"548",0,0,100,-100,100,-100
"549",29.1,-29.1,-79.1,79.1,-50,50
"550",-0.599999999999994,0.599999999999994,-49.4,49.4,-50,50
"551",19.3,-19.3,-69.3,69.3,-50,50
"552",-35.5,35.5,-14.5,14.5,-50,50
"553",37.9,-37.9,-87.9,87.9,-50,50
"554",23.4,-23.4,-73.4,73.4,-50,50
"555",-31.7,31.7,-18.3,18.3,-50,50
"556",27.8,-27.8,-77.8,77.8,-50,50
"557",-29.6,29.6,-20.4,20.4,-50,50
"558",-24.8,24.8,-25.2,25.2,-50,50
"559",-27.3,27.3,-22.7,22.7,-50,50
"560",29.7,-29.7,-79.7,79.7,-50,50
"561",-43.2,43.2,-6.8,6.80000000000001,-50,50
"562",-9.5,9.5,-40.5,40.5,-50,50
"563",28.5,-28.5,-78.5,78.5,-50,50
"564",-30.2,30.2,-19.8,19.8,-50,50
"565",0,0,100,-100,100,-100
"566",27.8,-27.8,-77.8,77.8,-50,50
"567",18.6,-18.6,-68.6,68.6,-50,50
"568",-13.1,13.1,-36.9,36.9,-50,50
"569",-34.4,34.4,-15.6,15.6,-50,50
"570",37.1,-37.1,-87.1,87.1,-50,50
"571",-32.3,32.3,-17.7,17.7,-50,50
"572",7.89999999999999,-7.89999999999999,-57.9,57.9,-50,50
"573",28.6,-28.6,-78.6,78.6,-50,50
"574",35.5,-35.5,-85.5,85.5,-50,50
"575",16.8,-16.8,-66.8,66.8,-50,50
"576",26.9,-26.9,-76.9,76.9,-50,50
"577",-34.1,34.1,-15.9,15.9,-50,50
"578",-18.2,18.2,-31.8,31.8,-50,50
"579",38,-38,-88,88,-50,50
"580",-43.6,43.6,-6.40000000000001,6.40000000000001,-50,50
"581",29.4,-29.4,-79.4,79.4,-50,50
"582",45.3,-45.3,-95.3,95.3,-50,50
"583",33.1,-33.1,-83.1,83.1,-50,50
"584",39.1,-39.1,-89.1,89.1,-50,50
"585",-15.2,15.2,-34.8,34.8,-50,50
"586",24.4,-24.4,-74.4,74.4,-50,50
"587",-50,65.8,0,-15.8,-50,50
"588",-25.1,25.1,-24.9,24.9,-50,50
"589",18.2,-18.2,-68.2,68.2,-50,50
"590",-33.3,33.3,-16.7,16.7,-50,50
"591",7.39999999999998,-7.39999999999999,-57.4,57.4,-50,50
"592",12,-12,-62,62,-50,50
"593",-14.2,14.2,-35.8,35.8,-50,50
"594",26.8,-26.8,-76.8,76.8,-50,50
"595",-2,2,-48,48,-50,50
"596",44.4,-44.4,-94.4,94.4,-50,50
"597",-22.7,22.7,-27.3,27.3,-50,50
"598",-35.4,35.4,-14.6,14.6,-50,50
"599",-30.8,30.8,-19.2,19.2,-50,50
"600",21.3,-21.3,-71.3,71.3,-50,50
"601",-27.4,27.4,-22.6,22.6,-50,50
"602",0,0,100,-100,100,-100
"603",0,0,100,-100,100,-100
"604",15.8,-15.8,-65.8,65.8,-50,50
"605",0,0,100,-100,100,-100
"606",32.3,-32.3,-82.3,82.3,-50,50
"607",-26.5,26.5,-23.5,23.5,-50,50
"608",-21.1,21.1,-28.9,28.9,-50,50
"609",28.3,-28.3,-78.3,78.3,-50,50
"610",-6.2,6.2,-43.8,43.8,-50,50
"611",-25.3,25.3,-24.7,24.7,-50,50
"612",-20.4,20.4,-29.6,29.6,-50,50
"613",-28.8,28.8,-21.2,21.2,-50,50
"614",20.7,-20.7,-70.7,70.7,-50,50
"615",0,0,100,-100,100,-100
"616",27.3,-27.3,-77.3,77.3,-50,50
"617",30.1,-30.1,-80.1,80.1,-50,50
"618",-20.2,20.2,-29.8,29.8,-50,50
"619",53,-53,-103,103,-50,50
"620",14.2,-14.2,-64.2,64.2,-50,50
"621",-46.4,46.4,-3.6,3.59999999999999,-50,50
"622",14.5,-14.5,-64.5,64.5,-50,50
"623",-6.80000000000001,6.80000000000001,-43.2,43.2,-50,50
"624",-4.89999999999999,4.89999999999999,-45.1,45.1,-50,50
"625",-50,67.7,0,-17.7,-50,50
"626",-24.7,24.7,-25.3,25.3,-50,50
"627",28.8,-28.8,-78.8,78.8,-50,50
"628",-14.7,14.7,-35.3,35.3,-50,50
"629",-34.7,34.7,-15.3,15.3,-50,50
"630",-15.2,15.2,-34.8,34.8,-50,50
"631",-24.6,24.6,-25.4,25.4,-50,50
"632",21,-21,-71,71,-50,50
"633",0,0,100,-100,100,-100
"634",-28.4,28.4,-21.6,21.6,-50,50
"635",0,0,100,-100,100,-100
"636",0,0,100,-100,100,-100
"637",34.9,-34.9,-84.9,84.9,-50,50
"638",0,0,100,-100,100,-100
"639",25.8,-25.8,-75.8,75.8,-50,50
"640",-40.2,40.2,-9.80000000000001,9.80000000000001,-50,50
"641",43.2,-43.2,-93.2,93.2,-50,50
"642",18.7,-18.7,-68.7,68.7,-50,50
"643",25.4,-25.4,-75.4,75.4,-50,50
"644",-32.5,32.5,-17.5,17.5,-50,50
"645",-50,75.4,0,-25.4,-50,50
"646",-25.8,25.8,-24.2,24.2,-50,50
"647",-43.2,43.2,-6.8,6.80000000000001,-50,50
"648",-25,25,-25,25,-50,50
"649",-9.40000000000001,9.40000000000001,-40.6,40.6,-50,50
"650",50.2,-50.2,-100.2,100.2,-50,50
"651",31.4,-31.4,-81.4,81.4,-50,50
"652",33.5,-33.5,-83.5,83.5,-50,50
"653",-21.9,21.9,-28.1,28.1,-50,50
"654",15.3,-15.3,-65.3,65.3,-50,50
"655",29,-29,-79,79,-50,50
"656",44.9,-44.9,-94.9,94.9,-50,50
"657",14.1,-14.1,-64.1,64.1,-50,50
"658",-42.9,42.9,-7.10000000000002,7.10000000000002,-50,50
"659",29.6,-29.6,-79.6,79.6,-50,50
"660",29.9,-29.9,-79.9,79.9,-50,50
"661",-16.7,16.7,-33.3,33.3,-50,50
"662",-31.5,31.5,-18.5,18.5,-50,50
"663",-37.1,37.1,-12.9,12.9,-50,50
"664",-43.4,43.4,-6.59999999999998,6.59999999999999,-50,50
"665",-50,69,0,-19,-50,50
"666",27.3,-27.3,-77.3,77.3,-50,50
"667",-22.8,22.8,-27.2,27.2,-50,50
"668",-32.4,32.4,-17.6,17.6,-50,50
"669",-23.4,23.4,-26.6,26.6,-50,50
"670",29,-29,-79,79,-50,50
"671",-33.6,33.6,-16.4,16.4,-50,50
"672",-7,7,-43,43,-50,50
"673",38.3,-38.3,-88.3,88.3,-50,50
"674",-43.1,43.1,-6.90000000000002,6.90000000000001,-50,50
"675",-50,54.2,0,-4.20000000000002,-50,50
"676",15,-15,-65,65,-50,50
"677",-28.7,28.7,-21.3,21.3,-50,50
"678",-3.09999999999999,3.09999999999999,-46.9,46.9,-50,50
"679",-44,44,-6.00000000000001,6,-50,50
"680",30.9,-30.9,-80.9,80.9,-50,50
"681",0,0,100,-100,100,-100
"682",-24.7,24.7,-25.3,25.3,-50,50
"683",-30.4,30.4,-19.6,19.6,-50,50
"684",14.9,-14.9,-64.9,64.9,-50,50
"685",-27.9,27.9,-22.1,22.1,-50,50
"686",21,-21,-71,71,-50,50
"687",44.4,-44.4,-94.4,94.4,-50,50
"688",46,-46,-96,96,-50,50
"689",53,-53,-103,103,-50,50
"690",-32.1,32.1,-17.9,17.9,-50,50
"691",-31.1,31.1,-18.9,18.9,-50,50
"692",47.2,-47.2,-97.2,97.2,-50,50
"693",26.9,-26.9,-76.9,76.9,-50,50
"694",52.4,-52.4,-102.4,102.4,-50,50
"695",-8,8,-42,42,-50,50
"696",-27.7,27.7,-22.3,22.3,-50,50
"697",-8,8,-42,42,-50,50
"698",14.9,-14.9,-64.9,64.9,-50,50
"699",30.5,-30.5,-80.5,80.5,-50,50
"700",26.9,-26.9,-76.9,76.9,-50,50
"701",-31.7,31.7,-18.3,18.3,-50,50
"702",-13,13,-37,37,-50,50
"703",11.5,-11.5,-61.5,61.5,-50,50
"704",-4.60000000000001,4.60000000000001,-45.4,45.4,-50,50
"705",17.5,-17.5,-67.5,67.5,-50,50
"706",-18.6,18.6,-31.4,31.4,-50,50
"707",-21.5,21.5,-28.5,28.5,-50,50
"708",1.49999999999999,-1.49999999999999,-51.5,51.5,-50,50
"709",11.4,-11.4,-61.4,61.4,-50,50
"710",-7.69999999999999,7.69999999999999,-42.3,42.3,-50,50
"711",-4.5,4.5,-45.5,45.5,-50,50
"712",-26.7,26.7,-23.3,23.3,-50,50
"713",16.1,-16.1,-66.1,66.1,-50,50
"714",29.7,-29.7,-79.7,79.7,-50,50
"715",33.7,-33.7,-83.7,83.7,-50,50
"716",44.1,-44.1,-94.1,94.1,-50,50
"717",31.9,-31.9,-81.9,81.9,-50,50
"718",-46.6,46.6,-3.40000000000001,3.40000000000001,-50,50
"719",27.5,-27.5,-77.5,77.5,-50,50
"720",6.99999999999999,-7,-57,57,-50,50
"721",25.5,-25.5,-75.5,75.5,-50,50
"722",0,0,100,-100,100,-100
"723",0,0,100,-100,100,-100
"724",-13.2,13.2,-36.8,36.8,-50,50
"725",37.4,-37.4,-87.4,87.4,-50,50
"726",-44.5,44.5,-5.50000000000001,5.50000000000003,-50,50
"727",0.899999999999991,-0.900000000000006,-50.9,50.9,-50,50
"728",21.3,-21.3,-71.3,71.3,-50,50
"729",13.1,-13.1,-63.1,63.1,-50,50
"730",-34.2,34.2,-15.8,15.8,-50,50
"731",42,-42,-92,92,-50,50
"732",-12.5,12.5,-37.5,37.5,-50,50
"733",33.5,-33.5,-83.5,83.5,-50,50
"734",-27.5,27.5,-22.5,22.5,-50,50
"735",20.1,-20.1,-70.1,70.1,-50,50
"736",-24.3,24.3,-25.7,25.7,-50,50
"737",15,-15,-65,65,-50,50
"738",-43,43,-7.00000000000001,7,-50,50
"739",-11,11,-39,39,-50,50
"740",-13.3,13.3,-36.7,36.7,-50,50
"741",21.5,-21.5,-71.5,71.5,-50,50
"742",11.8,-11.8,-61.8,61.8,-50,50
"743",-21.9,21.9,-28.1,28.1,-50,50
"744",-26.9,26.9,-23.1,23.1,-50,50
"745",33.5,-33.5,-83.5,83.5,-50,50
"746",-50,53.3,0,-3.29999999999998,-50,50
"747",31.1,-31.1,-81.1,81.1,-50,50
"748",31.2,-31.2,-81.2,81.2,-50,50
"749",-14.3,14.3,-35.7,35.7,-50,50
"750",10.8,-10.8,-60.8,60.8,-50,50
"751",31.3,-31.3,-81.3,81.3,-50,50
"752",-4.60000000000001,4.60000000000001,-45.4,45.4,-50,50
"753",-12.2,12.2,-37.8,37.8,-50,50
"754",32.3,-32.3,-82.3,82.3,-50,50
"755",8.7,-8.7,-58.7,58.7,-50,50
"756",-17.1,17.1,-32.9,32.9,-50,50
"757",45,-45,-95,95,-50,50
"758",24.5,-24.5,-74.5,74.5,-50,50
"759",-29.4,29.4,-20.6,20.6,-50,50
"760",-28.4,28.4,-21.6,21.6,-50,50
"761",-29.6,29.6,-20.4,20.4,-50,50
"762",-26.4,26.4,-23.6,23.6,-50,50
"763",-34.9,34.9,-15.1,15.1,-50,50
"764",23.2,-23.2,-73.2,73.2,-50,50
"765",-35.1,35.1,-14.9,14.9,-50,50
"766",30.7,-30.7,-80.7,80.7,-50,50
"767",12,-12,-62,62,-50,50
"768",20,-20,-70,70,-50,50
"769",32.1,-32.1,-82.1,82.1,-50,50
"770",-39.9,39.9,-10.1,10.1,-50,50
"771",-27.8,27.8,-22.2,22.2,-50,50
"772",-31.6,31.6,-18.4,18.4,-50,50
"773",-21.4,21.4,-28.6,28.6,-50,50
"774",0,0,100,-100,100,-100
"775",-45.6,45.6,-4.40000000000001,4.40000000000001,-50,50
"776",-14.9,14.9,-35.1,35.1,-50,50
"777",0,0,100,-100,100,-100
"778",21.9,-21.9,-71.9,71.9,-50,50
"779",-50,75.1,0,-25.1,-50,50
"780",0,0,100,-100,100,-100
"781",21.2,-21.2,-71.2,71.2,-50,50
"782",-34.3,34.3,-15.7,15.7,-50,50
"783",-26.6,26.6,-23.4,23.4,-50,50
"784",27.9,-27.9,-77.9,77.9,-50,50
"785",28,-28,-78,78,-50,50
"786",28.4,-28.4,-78.4,78.4,-50,50
"787",19.9,-19.9,-69.9,69.9,-50,50
"788",5.60000000000001,-5.59999999999999,-55.6,55.6,-50,50
"789",-30,30,-20,20,-50,50
"790",-24.9,24.9,-25.1,25.1,-50,50
"791",0,0,100,-100,100,-100
"792",-39.3,39.3,-10.7,10.7,-50,50
"793",-16.8,16.8,-33.2,33.2,-50,50
"794",-48.7,48.7,-1.30000000000001,1.30000000000001,-50,50
"795",41.5,-41.5,-91.5,91.5,-50,50
"796",-37.1,37.1,-12.9,12.9,-50,50
"797",47.3,-47.3,-97.3,97.3,-50,50
"798",28.6,-28.6,-78.6,78.6,-50,50
"799",-45.1,45.1,-4.90000000000001,4.90000000000001,-50,50
"800",-29.6,29.6,-20.4,20.4,-50,50
"801",-19.6,19.6,-30.4,30.4,-50,50
"802",-16.8,16.8,-33.2,33.2,-50,50
"803",0,0,100,-100,100,-100
"804",-32.6,32.6,-17.4,17.4,-50,50
"805",-37,37,-13,13,-50,50
"806",26.7,-26.7,-76.7,76.7,-50,50
"807",29.5,-29.5,-79.5,79.5,-50,50
"808",23.8,-23.8,-73.8,73.8,-50,50
"809",20.1,-20.1,-70.1,70.1,-50,50
"810",38.9,-38.9,-88.9,88.9,-50,50
"811",-11.7,11.7,-38.3,38.3,-50,50
"812",10,-10,-60,60,-50,50
"813",-49.8,49.8,-0.200000000000003,0.199999999999989,-50,50
"814",33.3,-33.3,-83.3,83.3,-50,50
"815",30.1,-30.1,-80.1,80.1,-50,50
"816",13.3,-13.3,-63.3,63.3,-50,50
"817",-40.8,40.8,-9.19999999999999,9.19999999999999,-50,50
"818",-7.3,7.3,-42.7,42.7,-50,50
"819",0,0,100,-100,100,-100
"820",0,0,100,-100,100,-100
"821",-30.1,30.1,-19.9,19.9,-50,50
"822",-18.1,18.1,-31.9,31.9,-50,50
"823",-4.2,4.2,-45.8,45.8,-50,50
"824",-50,81.8,0,-31.8,-50,50
"825",-1.29999999999998,1.29999999999998,-48.7,48.7,-50,50
"826",-45.6,45.6,-4.40000000000001,4.40000000000001,-50,50
"827",17.3,-17.3,-67.3,67.3,-50,50
"828",49.5,-49.5,-99.5,99.5,-50,50
"829",22.9,-22.9,-72.9,72.9,-50,50
"830",20.6,-20.6,-70.6,70.6,-50,50
"831",-11.2,11.2,-38.8,38.8,-50,50
"832",18.3,-18.3,-68.3,68.3,-50,50
"833",-48.5,48.5,-1.50000000000001,1.5,-50,50
"834",-9.40000000000001,9.40000000000001,-40.6,40.6,-50,50
"835",-33.9,33.9,-16.1,16.1,-50,50
"836",-22.2,22.2,-27.8,27.8,-50,50
"837",46.1,-46.1,-96.1,96.1,-50,50
"838",28.6,-28.6,-78.6,78.6,-50,50
"839",-31.6,31.6,-18.4,18.4,-50,50
"840",-18.2,18.2,-31.8,31.8,-50,50
"841",-18.5,18.5,-31.5,31.5,-50,50
"842",-50,72.1,0,-22.1,-50,50
"843",-29.3,29.3,-20.7,20.7,-50,50
"844",0,0,100,-100,100,-100
"845",24.2,-24.2,-74.2,74.2,-50,50
"846",8.09999999999999,-8.09999999999999,-58.1,58.1,-50,50
"847",-45.6,45.6,-4.40000000000001,4.40000000000001,-50,50
"848",56,-56,-106,106,-50,50
"849",42.8,-42.8,-92.8,92.8,-50,50
"850",27.3,-27.3,-77.3,77.3,-50,50
"851",-31.2,31.2,-18.8,18.8,-50,50
"852",-15.2,15.2,-34.8,34.8,-50,50
"853",-50,69.6,0,-19.6,-50,50
"854",18.6,-18.6,-68.6,68.6,-50,50
"855",24.5,-24.5,-74.5,74.5,-50,50
"856",32.6,-32.6,-82.6,82.6,-50,50
"857",-16.9,16.9,-33.1,33.1,-50,50
"858",-33.9,33.9,-16.1,16.1,-50,50
"859",8.09999999999999,-8.09999999999999,-58.1,58.1,-50,50
"860",-22.2,22.2,-27.8,27.8,-50,50
"861",2.30000000000001,-2.3,-52.3,52.3,-50,50
"862",30.8,-30.8,-80.8,80.8,-50,50
"863",-31.7,31.7,-18.3,18.3,-50,50
"864",41.9,-41.9,-91.9,91.9,-50,50
"865",-11.9,11.9,-38.1,38.1,-50,50
"866",20.4,-20.4,-70.4,70.4,-50,50
"867",39.2,-39.2,-89.2,89.2,-50,50
"868",-9.00000000000001,9.00000000000001,-41,41,-50,50
"869",-32.4,32.4,-17.6,17.6,-50,50
"870",0,0,100,-100,100,-100
"871",33.6,-33.6,-83.6,83.6,-50,50
"872",-12.3,12.3,-37.7,37.7,-50,50
"873",15.2,-15.2,-65.2,65.2,-50,50
"874",11.9,-11.9,-61.9,61.9,-50,50
"875",48.9,-48.9,-98.9,98.9,-50,50
"876",18.4,-18.4,-68.4,68.4,-50,50
"877",42.7,-42.7,-92.7,92.7,-50,50
"878",-37.5,37.5,-12.5,12.5,-50,50
"879",-8.7,8.7,-41.3,41.3,-50,50
"880",-36,36,-14,14,-50,50
"881",50.6,-50.6,-100.6,100.6,-50,50
"882",-24.5,24.5,-25.5,25.5,-50,50
"883",18.9,-18.9,-68.9,68.9,-50,50
"884",18.9,-18.9,-68.9,68.9,-50,50
"885",-29.6,29.6,-20.4,20.4,-50,50
"886",-1.49999999999999,1.49999999999999,-48.5,48.5,-50,50
"887",-43.8,43.8,-6.19999999999998,6.19999999999999,-50,50
"888",-28.8,28.8,-21.2,21.2,-50,50
"889",28.7,-28.7,-78.7,78.7,-50,50
"890",-27.5,27.5,-22.5,22.5,-50,50
"891",-8.3,8.3,-41.7,41.7,-50,50
"892",-47.3,47.3,-2.69999999999999,2.69999999999999,-50,50
"893",23.6,-23.6,-73.6,73.6,-50,50
"894",-38,38,-12,12,-50,50
"895",52.4,-52.4,-102.4,102.4,-50,50
"896",34.2,-34.2,-84.2,84.2,-50,50
"897",-25.4,25.4,-24.6,24.6,-50,50
"898",-9.80000000000001,9.80000000000001,-40.2,40.2,-50,50
"899",-22.8,22.8,-27.2,27.2,-50,50
"900",18.7,-18.7,-68.7,68.7,-50,50
"901",27.6,-27.6,-77.6,77.6,-50,50
"902",-8.80000000000001,8.80000000000001,-41.2,41.2,-50,50
"903",0,0,100,-100,100,-100
"904",51.2,-51.2,-101.2,101.2,-50,50
"905",-50,50.1,0,-0.0999999999999943,-50,50
"906",23.6,-23.6,-73.6,73.6,-50,50
"907",-26.7,26.7,-23.3,23.3,-50,50
"908",0,0,100,-100,100,-100
"909",-19.6,19.6,-30.4,30.4,-50,50
"910",-12.4,12.4,-37.6,37.6,-50,50
"911",6.59999999999998,-6.59999999999999,-56.6,56.6,-50,50
"912",33.1,-33.1,-83.1,83.1,-50,50
"913",48.3,-48.3,-98.3,98.3,-50,50
"914",40.6,-40.6,-90.6,90.6,-50,50
"915",0,0,100,-100,100,-100
"916",-17.5,17.5,-32.5,32.5,-50,50
"917",23.1,-23.1,-73.1,73.1,-50,50
"918",25.9,-25.9,-75.9,75.9,-50,50
"919",31.7,-31.7,-81.7,81.7,-50,50
"920",-7.3,7.3,-42.7,42.7,-50,50
"921",15.4,-15.4,-65.4,65.4,-50,50
"922",-1.69999999999999,1.69999999999999,-48.3,48.3,-50,50
"923",27.8,-27.8,-77.8,77.8,-50,50
"924",41.4,-41.4,-91.4,91.4,-50,50
"925",24.5,-24.5,-74.5,74.5,-50,50
"926",18.6,-18.6,-68.6,68.6,-50,50
"927",-2.2,2.2,-47.8,47.8,-50,50
"928",0,0,100,-100,100,-100
"929",-27.9,27.9,-22.1,22.1,-50,50
"930",19.2,-19.2,-69.2,69.2,-50,50
"931",-50,76.2,0,-26.2,-50,50
"932",-11.3,11.3,-38.7,38.7,-50,50
"933",23.4,-23.4,-73.4,73.4,-50,50
"934",0,0,100,-100,100,-100
"935",29.9,-29.9,-79.9,79.9,-50,50
"936",-22.6,22.6,-27.4,27.4,-50,50
"937",-40.5,40.5,-9.50000000000002,9.50000000000003,-50,50
"938",28.4,-28.4,-78.4,78.4,-50,50
"939",48.6,-48.6,-98.6,98.6,-50,50
"940",-33.5,33.5,-16.5,16.5,-50,50
"941",28.3,-28.3,-78.3,78.3,-50,50
"942",52.2,-52.2,-102.2,102.2,-50,50
"943",-25.2,25.2,-24.8,24.8,-50,50
"944",-44.6,44.6,-5.40000000000001,5.40000000000001,-50,50
"945",27.1,-27.1,-77.1,77.1,-50,50
"946",-44.3,44.3,-5.70000000000002,5.70000000000002,-50,50
"947",-15.9,15.9,-34.1,34.1,-50,50
"948",-28.9,28.9,-21.1,21.1,-50,50
"949",28.8,-28.8,-78.8,78.8,-50,50
"950",-41.2,41.2,-8.79999999999998,8.79999999999998,-50,50
"951",-25.4,25.4,-24.6,24.6,-50,50
"952",20.9,-20.9,-70.9,70.9,-50,50
"953",-34.9,34.9,-15.1,15.1,-50,50
"954",-35.4,35.4,-14.6,14.6,-50,50
"955",-28.4,28.4,-21.6,21.6,-50,50
"956",7.60000000000001,-7.59999999999999,-57.6,57.6,-50,50
"957",-36.5,36.5,-13.5,13.5,-50,50
"958",-39.7,39.7,-10.3,10.3,-50,50
"959",-40.6,40.6,-9.40000000000001,9.40000000000001,-50,50
"960",-9.2,9.2,-40.8,40.8,-50,50
"961",-49.7,49.7,-0.300000000000011,0.300000000000011,-50,50
"962",-14.3,14.3,-35.7,35.7,-50,50
"963",-31.7,31.7,-18.3,18.3,-50,50
"964",-50,55.5,0,-5.5,-50,50
"965",44.4,-44.4,-94.4,94.4,-50,50
"966",-34.9,34.9,-15.1,15.1,-50,50
"967",-7.80000000000001,7.80000000000001,-42.2,42.2,-50,50
"968",21.4,-21.4,-71.4,71.4,-50,50
"969",-14.9,14.9,-35.1,35.1,-50,50
"970",27.1,-27.1,-77.1,77.1,-50,50
"971",-50,54.8,0,-4.80000000000001,-50,50
"972",24.5,-24.5,-74.5,74.5,-50,50
"973",-31.3,31.3,-18.7,18.7,-50,50
"974",-6,6,-44,44,-50,50
"975",36.7,-36.7,-86.7,86.7,-50,50
"976",33.5,-33.5,-83.5,83.5,-50,50
"977",36.4,-36.4,-86.4,86.4,-50,50
"978",-28.2,28.2,-21.8,21.8,-50,50
"979",-29.5,29.5,-20.5,20.5,-50,50
"980",23.4,-23.4,-73.4,73.4,-50,50
"981",-50,53.4,0,-3.40000000000001,-50,50
"982",-50,53.7,0,-3.69999999999999,-50,50
"983",-12.1,12.1,-37.9,37.9,-50,50
"984",-36.4,36.4,-13.6,13.6,-50,50
"985",13.2,-13.2,-63.2,63.2,-50,50
"986",39.9,-39.9,-89.9,89.9,-50,50
"987",0,0,100,-100,100,-100
"988",38.9,-38.9,-88.9,88.9,-50,50
"989",20.3,-20.3,-70.3,70.3,-50,50
"990",-29.4,29.4,-20.6,20.6,-50,50
"991",-28.6,28.6,-21.4,21.4,-50,50
"992",-41.1,41.1,-8.9,8.90000000000001,-50,50
"993",32.4,-32.4,-82.4,82.4,-50,50
"994",-34.8,34.8,-15.2,15.2,-50,50
"995",17.9,-17.9,-67.9,67.9,-50,50
"996",-21.4,21.4,-28.6,28.6,-50,50
"997",-31.9,31.9,-18.1,18.1,-50,50
"998",-31,31,-19,19,-50,50
"999",-27.3,27.3,-22.7,22.7,-50,50
"1000",-26,26,-24,24,-50,50
