"","p1_luck","p2_luck","p1_skill","p2_skill","p1_chip","p2_chip"
"1",-25.8,25.8,75.8,-75.8,50,-50
"2",25.6,-25.6,24.4,-24.4,50,-50
"3",11,-11,39,-39,50,-50
"4",-19.5,19.5,69.5,-69.5,50,-50
"5",46.5,-46.5,3.5,-3.50000000000001,50,-50
"6",-23.4,23.4,73.4,-73.4,50,-50
"7",-37.1,37.1,87.1,-87.1,50,-50
"8",48,-48,2,-2,50,-50
"9",43.8,-43.8,6.20000000000002,-6.2,50,-50
"10",-30.7,30.7,80.7,-80.7,50,-50
"11",-14.8,14.8,64.8,-64.8,50,-50
"12",-5.2,5.2,55.2,-55.2,50,-50
"13",-48.4,48.4,98.4,-98.4,50,-50
"14",0,0,-100,100,-100,100
"15",-38.3,38.3,88.3,-88.3,50,-50
"16",-24.2,24.2,74.2,-74.2,50,-50
"17",-36.6,36.6,86.6,-86.6,50,-50
"18",24.4,-24.4,25.6,-25.6,50,-50
"19",-27.3,27.3,77.3,-77.3,50,-50
"20",-32.1,32.1,82.1,-82.1,50,-50
"21",33.2,-33.2,16.8,-16.8,50,-50
"22",-41.9,41.9,91.9,-91.9,50,-50
"23",35.2,-35.2,14.8,-14.8,50,-50
"24",-27.6,27.6,77.6,-77.6,50,-50
"25",10.4,-10.4,39.6,-39.6,50,-50
"26",-27.7,27.7,77.7,-77.7,50,-50
"27",-19.9,19.9,69.9,-69.9,50,-50
"28",29.5,-29.5,20.5,-20.5,50,-50
"29",-10.3,10.3,60.3,-60.3,50,-50
"30",50.6,-50,-0.599999999999994,0,50,-50
"31",-25.1,25.1,75.1,-75.1,50,-50
"32",8.40000000000001,-8.40000000000001,41.6,-41.6,50,-50
"33",-16.7,16.7,66.7,-66.7,50,-50
"34",-29,29,79,-79,50,-50
"35",0,0,-100,100,-100,100
"36",30.8,-30.8,19.2,-19.2,50,-50
"37",-30.1,30.1,80.1,-80.1,50,-50
"38",-32.2,32.2,82.2,-82.2,50,-50
"39",32.2,-32.2,17.8,-17.8,50,-50
"40",31.6,-31.6,18.4,-18.4,50,-50
"41",37.3,-37.3,12.7,-12.7,50,-50
"42",-3.90000000000001,3.90000000000002,53.9,-53.9,50,-50
"43",-47.1,47.1,97.1,-97.1,50,-50
"44",45.5,-45.5,4.50000000000003,-4.50000000000001,50,-50
"45",9.3,-9.3,40.7,-40.7,50,-50
"46",8.40000000000001,-8.40000000000001,41.6,-41.6,50,-50
"47",-30.5,30.5,80.5,-80.5,50,-50
"48",-7.8,7.79999999999998,57.8,-57.8,50,-50
"49",3.09999999999999,-3.09999999999999,46.9,-46.9,50,-50
"50",-28,28,78,-78,50,-50
"51",42,-42,7.99999999999997,-7.99999999999999,50,-50
"52",31.5,-31.5,18.5,-18.5,50,-50
"53",38.8,-38.8,11.2,-11.2,50,-50
"54",-9.5,9.5,59.5,-59.5,50,-50
"55",-22.1,22.1,72.1,-72.1,50,-50
"56",22.2,-22.2,27.8,-27.8,50,-50
"57",-14,14,64,-64,50,-50
"58",0,0,-100,100,-100,100
"59",-43,43,93,-93,50,-50
"60",33.7,-33.7,16.3,-16.3,50,-50
"61",27.3,-27.3,22.7,-22.7,50,-50
"62",-40.2,40.2,90.2,-90.2,50,-50
"63",0,0,-100,100,-100,100
"64",-23,23,73,-73,50,-50
"65",76.4,-50,-26.4,0,50,-50
"66",41.2,-41.2,8.80000000000001,-8.80000000000001,50,-50
"67",-22.9,22.9,72.9,-72.9,50,-50
"68",0,0,-100,100,-100,100
"69",-14.2,14.2,64.2,-64.2,50,-50
"70",6.69999999999999,-6.69999999999999,43.3,-43.3,50,-50
"71",-20.2,20.2,70.2,-70.2,50,-50
"72",36.6,-36.6,13.4,-13.4,50,-50
"73",26.7,-26.7,23.3,-23.3,50,-50
"74",0,0,-100,100,-100,100
"75",-38.8,38.8,88.8,-88.8,50,-50
"76",21.7,-21.7,28.3,-28.3,50,-50
"77",-24.2,24.2,74.2,-74.2,50,-50
"78",47.7,-47.7,2.30000000000001,-2.30000000000001,50,-50
"79",0,0,-100,100,-100,100
"80",5.60000000000001,-5.60000000000001,44.4,-44.4,50,-50
"81",28.7,-28.7,21.3,-21.3,50,-50
"82",-27.5,27.5,77.5,-77.5,50,-50
"83",10.3,-10.3,39.7,-39.7,50,-50
"84",31.6,-31.6,18.4,-18.4,50,-50
"85",-40.5,40.5,90.5,-90.5,50,-50
"86",-54,54,104,-104,50,-50
"87",-33.2,33.2,83.2,-83.2,50,-50
"88",-26.2,26.2,76.2,-76.2,50,-50
"89",29.9,-29.9,20.1,-20.1,50,-50
"90",31,-31,19,-19,50,-50
"91",-26.8,26.8,76.8,-76.8,50,-50
"92",14.3,-14.3,35.7,-35.7,50,-50
"93",-48.6,48.6,98.6,-98.6,50,-50
"94",86.6,-50,-36.6,0,50,-50
"95",31.2,-31.2,18.8,-18.8,50,-50
"96",28.7,-28.7,21.3,-21.3,50,-50
"97",27.5,-27.5,22.5,-22.5,50,-50
"98",71.5,-50,-21.5,0,50,-50
"99",-42.5,42.5,92.5,-92.5,50,-50
"100",-8,8,58,-58,50,-50
"101",44.1,-44.1,5.90000000000001,-5.90000000000002,50,-50
"102",-37.8,37.8,87.8,-87.8,50,-50
"103",17.8,-17.8,32.2,-32.2,50,-50
"104",11,-11,39,-39,50,-50
"105",-21.5,21.5,71.5,-71.5,50,-50
"106",37.3,-37.3,12.7,-12.7,50,-50
"107",77.3,-50,-27.3,0,50,-50
"108",-40.2,40.2,90.2,-90.2,50,-50
"109",-23,23,73,-73,50,-50
"110",27.8,-27.8,22.2,-22.2,50,-50
"111",25.2,-25.2,24.8,-24.8,50,-50
"112",-1.3,1.29999999999998,51.3,-51.3,50,-50
"113",-6.2,6.2,56.2,-56.2,50,-50
"114",-17.6,17.6,67.6,-67.6,50,-50
"115",-22.1,22.1,72.1,-72.1,50,-50
"116",-19.2,19.2,69.2,-69.2,50,-50
"117",15,-15,35,-35,50,-50
"118",-55,55,105,-105,50,-50
"119",27,-27,23,-23,50,-50
"120",31.5,-31.5,18.5,-18.5,50,-50
"121",2.09999999999999,-2.09999999999999,47.9,-47.9,50,-50
"122",-27.4,27.4,77.4,-77.4,50,-50
"123",-31.5,31.5,81.5,-81.5,50,-50
"124",29.4,-29.4,20.6,-20.6,50,-50
"125",-35.1,35.1,85.1,-85.1,50,-50
"126",19.5,-19.5,30.5,-30.5,50,-50
"127",27,-27,23,-23,50,-50
"128",-26.6,26.6,76.6,-76.6,50,-50
"129",0,0,-100,100,-100,100
"130",-40,40,90,-90,50,-50
"131",0,0,-100,100,-100,100
"132",19.7,-19.7,30.3,-30.3,50,-50
"133",23.4,-23.4,26.6,-26.6,50,-50
"134",-40.5,40.5,90.5,-90.5,50,-50
"135",-26.5,26.5,76.5,-76.5,50,-50
"136",0,0,-100,100,-100,100
"137",-10.2,10.2,60.2,-60.2,50,-50
"138",-28.7,28.7,78.7,-78.7,50,-50
"139",30.7,-30.7,19.3,-19.3,50,-50
"140",21.1,-21.1,28.9,-28.9,50,-50
"141",17.4,-17.4,32.6,-32.6,50,-50
"142",27.7,-27.7,22.3,-22.3,50,-50
"143",-31,31,81,-81,50,-50
"144",10.3,-10.3,39.7,-39.7,50,-50
"145",70.7,-50,-20.7,0,50,-50
"146",51.8,-50,-1.80000000000001,0,50,-50
"147",-32.3,32.3,82.3,-82.3,50,-50
"148",0,0,-100,100,-100,100
"149",-35.5,35.5,85.5,-85.5,50,-50
"150",-5.39999999999999,5.39999999999998,55.4,-55.4,50,-50
"151",-48.6,48.6,98.6,-98.6,50,-50
"152",3.09999999999999,-3.09999999999999,46.9,-46.9,50,-50
"153",26.3,-26.3,23.7,-23.7,50,-50
"154",-27.8,27.8,77.8,-77.8,50,-50
"155",9.40000000000001,-9.40000000000001,40.6,-40.6,50,-50
"156",-44,44,94,-94,50,-50
"157",27.3,-27.3,22.7,-22.7,50,-50
"158",11.7,-11.7,38.3,-38.3,50,-50
"159",12.6,-12.6,37.4,-37.4,50,-50
"160",16.9,-16.9,33.1,-33.1,50,-50
"161",-41.7,41.7,91.7,-91.7,50,-50
"162",-15,15,65,-65,50,-50
"163",17.3,-17.3,32.7,-32.7,50,-50
"164",-30.6,30.6,80.6,-80.6,50,-50
"165",-23.8,23.8,73.8,-73.8,50,-50
"166",3.40000000000001,-3.40000000000001,46.6,-46.6,50,-50
"167",11.5,-11.5,38.5,-38.5,50,-50
"168",22.1,-22.1,27.9,-27.9,50,-50
"169",21.6,-21.6,28.4,-28.4,50,-50
"170",-34.3,34.3,84.3,-84.3,50,-50
"171",31.4,-31.4,18.6,-18.6,50,-50
"172",42.2,-42.2,7.79999999999998,-7.79999999999998,50,-50
"173",16.5,-16.5,33.5,-33.5,50,-50
"174",33.8,-33.8,16.2,-16.2,50,-50
"175",41.1,-41.1,8.90000000000001,-8.9,50,-50
"176",-10.2,10.2,60.2,-60.2,50,-50
"177",18.8,-18.8,31.2,-31.2,50,-50
"178",46.1,-46.1,3.90000000000001,-3.89999999999999,50,-50
"179",45.2,-45.2,4.80000000000001,-4.8,50,-50
"180",-48.6,48.6,98.6,-98.6,50,-50
"181",-50,50,100,-100,50,-50
"182",43.7,-43.7,6.30000000000001,-6.30000000000002,50,-50
"183",25.6,-25.6,24.4,-24.4,50,-50
"184",8.5,-8.5,41.5,-41.5,50,-50
"185",38.4,-38.4,11.6,-11.6,50,-50
"186",35.8,-35.8,14.2,-14.2,50,-50
"187",0,0,-100,100,-100,100
"188",37.1,-37.1,12.9,-12.9,50,-50
"189",0,0,-100,100,-100,100
"190",0,0,-100,100,-100,100
"191",-20.2,20.2,70.2,-70.2,50,-50
"192",31.9,-31.9,18.1,-18.1,50,-50
"193",39.1,-39.1,10.9,-10.9,50,-50
"194",28.4,-28.4,21.6,-21.6,50,-50
"195",29,-29,21,-21,50,-50
"196",-27.7,27.7,77.7,-77.7,50,-50
"197",-16.1,16.1,66.1,-66.1,50,-50
"198",7.69999999999999,-7.69999999999999,42.3,-42.3,50,-50
"199",26,-26,24,-24,50,-50
"200",-20.6,20.6,70.6,-70.6,50,-50
"201",48,-48,2,-2,50,-50
"202",21,-21,29,-29,50,-50
"203",-23.4,23.4,73.4,-73.4,50,-50
"204",21.3,-21.3,28.7,-28.7,50,-50
"205",27.2,-27.2,22.8,-22.8,50,-50
"206",-42.8,42.8,92.8,-92.8,50,-50
"207",25.1,-25.1,24.9,-24.9,50,-50
"208",10.9,-10.9,39.1,-39.1,50,-50
"209",-21.9,21.9,71.9,-71.9,50,-50
"210",28.5,-28.5,21.5,-21.5,50,-50
"211",15.7,-15.7,34.3,-34.3,50,-50
"212",-29.6,29.6,79.6,-79.6,50,-50
"213",-30.7,30.7,80.7,-80.7,50,-50
"214",-20,20,70,-70,50,-50
"215",3.8,-3.8,46.2,-46.2,50,-50
"216",0,0,-100,100,-100,100
"217",-9.7,9.7,59.7,-59.7,50,-50
"218",-30.5,30.5,80.5,-80.5,50,-50
"219",17.1,-17.1,32.9,-32.9,50,-50
"220",-48.9,48.9,98.9,-98.9,50,-50
"221",38,-38,12,-12,50,-50
"222",-7.8,7.79999999999998,57.8,-57.8,50,-50
"223",-20.7,20.7,70.7,-70.7,50,-50
"224",-47.7,47.7,97.7,-97.7,50,-50
"225",29.6,-29.6,20.4,-20.4,50,-50
"226",-27.6,27.6,77.6,-77.6,50,-50
"227",18.8,-18.8,31.2,-31.2,50,-50
"228",12.8,-12.8,37.2,-37.2,50,-50
"229",-19.8,19.8,69.8,-69.8,50,-50
"230",24.4,-24.4,25.6,-25.6,50,-50
"231",0,0,-100,100,-100,100
"232",-21.4,21.4,71.4,-71.4,50,-50
"233",-14.9,14.9,64.9,-64.9,50,-50
"234",-18.8,18.8,68.8,-68.8,50,-50
"235",18.7,-18.7,31.3,-31.3,50,-50
"236",0,0,-100,100,-100,100
"237",0,0,-100,100,-100,100
"238",-15.1,15.1,65.1,-65.1,50,-50
"239",30.7,-30.7,19.3,-19.3,50,-50
"240",75.8,-50,-25.8,0,50,-50
"241",-1.7,1.69999999999999,51.7,-51.7,50,-50
"242",-26.6,26.6,76.6,-76.6,50,-50
"243",25.8,-25.8,24.2,-24.2,50,-50
"244",72.9,-50,-22.9,0,50,-50
"245",-42.5,42.5,92.5,-92.5,50,-50
"246",70,-50,-20,0,50,-50
"247",10.1,-10.1,39.9,-39.9,50,-50
"248",0,0,-100,100,-100,100
"249",31.8,-31.8,18.2,-18.2,50,-50
"250",-47.7,47.7,97.7,-97.7,50,-50
"251",-52.1,52.1,102.1,-102.1,50,-50
"252",31.6,-31.6,18.4,-18.4,50,-50
"253",0,0,-100,100,-100,100
"254",-16.4,16.4,66.4,-66.4,50,-50
"255",-18.2,18.2,68.2,-68.2,50,-50
"256",29.8,-29.8,20.2,-20.2,50,-50
"257",18.5,-18.5,31.5,-31.5,50,-50
"258",-27,27,77,-77,50,-50
"259",-28.2,28.2,78.2,-78.2,50,-50
"260",-18.3,18.3,68.3,-68.3,50,-50
"261",-29.7,29.7,79.7,-79.7,50,-50
"262",11.6,-11.6,38.4,-38.4,50,-50
"263",4.69999999999999,-4.69999999999999,45.3,-45.3,50,-50
"264",-26.5,26.5,76.5,-76.5,50,-50
"265",-17.5,17.5,67.5,-67.5,50,-50
"266",-18.3,18.3,68.3,-68.3,50,-50
"267",-20.2,20.2,70.2,-70.2,50,-50
"268",13.9,-13.9,36.1,-36.1,50,-50
"269",-29.3,29.3,79.3,-79.3,50,-50
"270",55,-50,-5,0,50,-50
"271",-36.1,36.1,86.1,-86.1,50,-50
"272",-37.7,37.7,87.7,-87.7,50,-50
"273",20.4,-20.4,29.6,-29.6,50,-50
"274",-41.3,41.3,91.3,-91.3,50,-50
"275",23.4,-23.4,26.6,-26.6,50,-50
"276",18.7,-18.7,31.3,-31.3,50,-50
"277",29.7,-29.7,20.3,-20.3,50,-50
"278",23,-23,27,-27,50,-50
"279",-30,30,80,-80,50,-50
"280",-34.9,34.9,84.9,-84.9,50,-50
"281",16.2,-16.2,33.8,-33.8,50,-50
"282",42.7,-42.7,7.30000000000001,-7.30000000000002,50,-50
"283",0,0,-100,100,-100,100
"284",0,0,-20000,20000,-20000,20000
"285",-36.8,36.8,86.8,-86.8,50,-50
"286",-22.4,22.4,72.4,-72.4,50,-50
"287",-3.8,3.8,53.8,-53.8,50,-50
"288",-32.1,32.1,82.1,-82.1,50,-50
"289",-16.9,16.9,66.9,-66.9,50,-50
"290",16.6,-16.6,33.4,-33.4,50,-50
"291",-25.6,25.6,75.6,-75.6,50,-50
"292",28,-28,22,-22,50,-50
"293",0.299999999999983,-0.299999999999983,49.7,-49.7,50,-50
"294",-27.5,27.5,77.5,-77.5,50,-50
"295",-20.2,20.2,70.2,-70.2,50,-50
"296",9.2,-9.2,40.8,-40.8,50,-50
"297",-22.3,22.3,72.3,-72.3,50,-50
"298",54.8,-50,-4.80000000000001,0,50,-50
"299",28,-28,22,-22,50,-50
"300",-26.3,26.3,76.3,-76.3,50,-50
"301",-44.5,44.5,94.5,-94.5,50,-50
"302",42.2,-42.2,7.80000000000001,-7.8,50,-50
"303",-37.1,37.1,87.1,-87.1,50,-50
"304",-35.2,35.2,85.2,-85.2,50,-50
"305",0,0,-100,100,-100,100
"306",8.40000000000001,-8.40000000000001,41.6,-41.6,50,-50
"307",-27.3,27.3,77.3,-77.3,50,-50
"308",23.6,-23.6,26.4,-26.4,50,-50
"309",31.2,-31.2,18.8,-18.8,50,-50
"310",3.40000000000001,-3.40000000000001,46.6,-46.6,50,-50
"311",22.2,-22.2,27.8,-27.8,50,-50
"312",-27.4,27.4,77.4,-77.4,50,-50
"313",-30.8,30.8,80.8,-80.8,50,-50
"314",-14.7,14.7,64.7,-64.7,50,-50
"315",36.6,-36.6,13.4,-13.4,50,-50
"316",46.4,-46.4,3.59999999999999,-3.6,50,-50
"317",-49.2,49.2,99.2,-99.2,50,-50
"318",31.7,-31.7,18.3,-18.3,50,-50
"319",-24,24,74,-74,50,-50
"320",-11.5,11.5,61.5,-61.5,50,-50
"321",27.6,-27.6,22.4,-22.4,50,-50
"322",18.8,-18.8,31.2,-31.2,50,-50
"323",22,-22,28,-28,50,-50
"324",22.8,-22.8,27.2,-27.2,50,-50
"325",18.6,-18.6,31.4,-31.4,50,-50
"326",29.3,-29.3,20.7,-20.7,50,-50
"327",-17.9,17.9,67.9,-67.9,50,-50
"328",18.7,-18.7,31.3,-31.3,50,-50
"329",-27.8,27.8,77.8,-77.8,50,-50
"330",37.3,-37.3,12.7,-12.7,50,-50
"331",-24.4,24.4,74.4,-74.4,50,-50
"332",-42.4,42.4,92.4,-92.4,50,-50
"333",-29.1,29.1,79.1,-79.1,50,-50
"334",-42.9,42.9,92.9,-92.9,50,-50
"335",49.7,-49.7,0.300000000000011,-0.300000000000011,50,-50
"336",0,0,-100,100,-100,100
"337",33.8,-33.8,16.2,-16.2,50,-50
"338",38.5,-38.5,11.5,-11.5,50,-50
"339",-27.2,27.2,77.2,-77.2,50,-50
"340",-19.9,19.9,69.9,-69.9,50,-50
"341",72,-50,-22,0,50,-50
"342",-19.5,19.5,69.5,-69.5,50,-50
"343",-14.8,14.8,64.8,-64.8,50,-50
"344",38.3,-38.3,11.7,-11.7,50,-50
"345",-21.5,21.5,71.5,-71.5,50,-50
"346",22.7,-22.7,27.3,-27.3,50,-50
"347",37.1,-37.1,12.9,-12.9,50,-50
"348",43.3,-43.3,6.70000000000002,-6.70000000000002,50,-50
"349",19.5,-19.5,30.5,-30.5,50,-50
"350",3.69999999999999,-3.69999999999999,46.3,-46.3,50,-50
"351",-25.4,25.4,75.4,-75.4,50,-50
"352",-16.1,16.1,66.1,-66.1,50,-50
"353",-49,49,99,-99,50,-50
"354",42,-42,8,-8.00000000000001,50,-50
"355",-36.6,36.6,86.6,-86.6,50,-50
"356",-54.9,54.9,104.9,-104.9,50,-50
"357",24.7,-24.7,25.3,-25.3,50,-50
"358",20.9,-20.9,29.1,-29.1,50,-50
"359",-42.2,42.2,92.2,-92.2,50,-50
"360",34.9,-34.9,15.1,-15.1,50,-50
"361",1.59999999999999,-1.59999999999999,48.4,-48.4,50,-50
"362",-29,29,79,-79,50,-50
"363",5.2,-5.2,44.8,-44.8,50,-50
"364",-50.7,50.7,100.7,-100.7,50,-50
"365",21.9,-21.9,28.1,-28.1,50,-50
"366",27.7,-27.7,22.3,-22.3,50,-50
"367",40.4,-40.4,9.60000000000002,-9.60000000000001,50,-50
"368",-34,34,84,-84,50,-50
"369",-33.9,33.9,83.9,-83.9,50,-50
"370",-29.9,29.9,79.9,-79.9,50,-50
"371",-14.5,14.5,64.5,-64.5,50,-50
"372",-34.7,34.7,84.7,-84.7,50,-50
"373",32.2,-32.2,17.8,-17.8,50,-50
"374",-47.3,47.3,97.3,-97.3,50,-50
"375",-51.4,51.4,101.4,-101.4,50,-50
"376",-36,36,86,-86,50,-50
"377",30.2,-30.2,19.8,-19.8,50,-50
"378",46.4,-46.4,3.59999999999999,-3.6,50,-50
"379",31.9,-31.9,18.1,-18.1,50,-50
"380",-27.9,27.9,77.9,-77.9,50,-50
"381",0,0,-100,100,-100,100
"382",-10.3,10.3,60.3,-60.3,50,-50
"383",0,0,-100,100,-100,100
"384",-13.8,13.8,63.8,-63.8,50,-50
"385",-11.4,11.4,61.4,-61.4,50,-50
"386",37.7,-37.7,12.3,-12.3,50,-50
"387",29.6,-29.6,20.4,-20.4,50,-50
"388",-17.8,17.8,67.8,-67.8,50,-50
"389",-37.2,37.2,87.2,-87.2,50,-50
"390",46.9,-46.9,3.10000000000002,-3.10000000000002,50,-50
"391",25.2,-25.2,24.8,-24.8,50,-50
"392",41.9,-41.9,8.09999999999999,-8.09999999999999,50,-50
"393",3.69999999999999,-3.69999999999999,46.3,-46.3,50,-50
"394",26.2,-26.2,23.8,-23.8,50,-50
"395",-25.7,25.7,75.7,-75.7,50,-50
"396",15.4,-15.4,34.6,-34.6,50,-50
"397",10.1,-10.1,39.9,-39.9,50,-50
"398",-12.7,12.7,62.7,-62.7,50,-50
"399",28.3,-28.3,21.7,-21.7,50,-50
"400",-34.9,34.9,84.9,-84.9,50,-50
"401",-12.2,12.2,62.2,-62.2,50,-50
"402",33.2,-33.2,16.8,-16.8,50,-50
"403",27.6,-27.6,22.4,-22.4,50,-50
"404",0,0,-20000,20000,-20000,20000
"405",36,-36,14,-14,50,-50
"406",-19,19,69,-69,50,-50
"407",44.1,-44.1,5.90000000000001,-5.90000000000002,50,-50
"408",75.4,-50,-25.4,0,50,-50
"409",16.8,-16.8,33.2,-33.2,50,-50
"410",9.3,-9.3,40.7,-40.7,50,-50
"411",-23.3,23.3,73.3,-73.3,50,-50
"412",7.69999999999999,-7.69999999999999,42.3,-42.3,50,-50
"413",38.3,-38.3,11.7,-11.7,50,-50
"414",-36.8,36.8,86.8,-86.8,50,-50
"415",-30.4,30.4,80.4,-80.4,50,-50
"416",0,0,-100,100,-100,100
"417",0,0,-100,100,-100,100
"418",14.6,-14.6,35.4,-35.4,50,-50
"419",-12.2,12.2,62.2,-62.2,50,-50
"420",50.7,-50,-0.699999999999989,0,50,-50
"421",-38.8,38.8,88.8,-88.8,50,-50
"422",-23.4,23.4,73.4,-73.4,50,-50
"423",-16.9,16.9,66.9,-66.9,50,-50
"424",-15.4,15.4,65.4,-65.4,50,-50
"425",3.49999999999999,-3.49999999999999,46.5,-46.5,50,-50
"426",-6.19999999999999,6.19999999999999,56.2,-56.2,50,-50
"427",-30.3,30.3,80.3,-80.3,50,-50
"428",5.5,-5.5,44.5,-44.5,50,-50
"429",-18,18,68,-68,50,-50
"430",-40.7,40.7,90.7,-90.7,50,-50
"431",33.3,-33.3,16.7,-16.7,50,-50
"432",-18.4,18.4,68.4,-68.4,50,-50
"433",-12.1,12.1,62.1,-62.1,50,-50
"434",0,0,-100,100,-100,100
"435",38.6,-38.6,11.4,-11.4,50,-50
"436",13.5,-13.5,36.5,-36.5,50,-50
"437",28.9,-28.9,21.1,-21.1,50,-50
"438",22.1,-22.1,27.9,-27.9,50,-50
"439",53.9,-50,-3.90000000000001,0,50,-50
"440",-6.5,6.5,56.5,-56.5,50,-50
"441",-2.8,2.8,52.8,-52.8,50,-50
"442",-17.4,17.4,67.4,-67.4,50,-50
"443",50,-50,0,0,50,-50
"444",34.4,-34.4,15.6,-15.6,50,-50
"445",9.7,-9.7,40.3,-40.3,50,-50
"446",-23.3,23.3,73.3,-73.3,50,-50
"447",22,-22,28,-28,50,-50
"448",-36.1,36.1,86.1,-86.1,50,-50
"449",-25.1,25.1,75.1,-75.1,50,-50
"450",0,0,-100,100,-100,100
"451",24.5,-24.5,25.5,-25.5,50,-50
"452",20.5,-20.5,29.5,-29.5,50,-50
"453",-22.1,22.1,72.1,-72.1,50,-50
"454",-43,43,93,-93,50,-50
"455",28,-28,22,-22,50,-50
"456",0,0,-100,100,-100,100
"457",-9.3,9.3,59.3,-59.3,50,-50
"458",-41.8,41.8,91.8,-91.8,50,-50
"459",-52.3,52.3,102.3,-102.3,50,-50
"460",33.7,-33.7,16.3,-16.3,50,-50
"461",31.9,-31.9,18.1,-18.1,50,-50
"462",16.9,-16.9,33.1,-33.1,50,-50
"463",26.4,-26.4,23.6,-23.6,50,-50
"464",13.9,-13.9,36.1,-36.1,50,-50
"465",32.2,-32.2,17.8,-17.8,50,-50
"466",-36.1,36.1,86.1,-86.1,50,-50
"467",31.7,-31.7,18.3,-18.3,50,-50
"468",-21.8,21.8,71.8,-71.8,50,-50
"469",-32.1,32.1,82.1,-82.1,50,-50
"470",9.7,-9.7,40.3,-40.3,50,-50
"471",24,-24,26,-26,50,-50
"472",-27.2,27.2,77.2,-77.2,50,-50
"473",5.60000000000001,-5.60000000000001,44.4,-44.4,50,-50
"474",36.9,-36.9,13.1,-13.1,50,-50
"475",33.7,-33.7,16.3,-16.3,50,-50
"476",12.1,-12.1,37.9,-37.9,50,-50
"477",26.5,-26.5,23.5,-23.5,50,-50
"478",-9.5,9.5,59.5,-59.5,50,-50
"479",31.6,-31.6,18.4,-18.4,50,-50
"480",-32.2,32.2,82.2,-82.2,50,-50
"481",16.5,-16.5,33.5,-33.5,50,-50
"482",68.1,-50,-18.1,0,50,-50
"483",-8.09999999999999,8.09999999999999,58.1,-58.1,50,-50
"484",-28,28,78,-78,50,-50
"485",-7.3,7.3,57.3,-57.3,50,-50
"486",21.5,-21.5,28.5,-28.5,50,-50
"487",6,-6,44,-44,50,-50
"488",-49.1,49.1,99.1,-99.1,50,-50
"489",-57.2,57.2,107.2,-107.2,50,-50
"490",70.2,-50,-20.2,0,50,-50
"491",6.2,-6.2,43.8,-43.8,50,-50
"492",14,-14,36,-36,50,-50
"493",-17.9,17.9,67.9,-67.9,50,-50
"494",-36.7,36.7,86.7,-86.7,50,-50
"495",42.2,-42.2,7.80000000000001,-7.8,50,-50
"496",-22.8,22.8,72.8,-72.8,50,-50
"497",-34.6,34.6,84.6,-84.6,50,-50
"498",-7.3,7.3,57.3,-57.3,50,-50
"499",0,0,-100,100,-100,100
"500",-25.1,25.1,75.1,-75.1,50,-50
"501",-48.9,48.9,-1.10000000000001,1.10000000000002,-50,50
"502",11.5,-11.5,-61.5,61.5,-50,50
"503",31.1,-31.1,-81.1,81.1,-50,50
"504",-43.9,43.9,-6.09999999999999,6.09999999999999,-50,50
"505",48.3,-48.3,-98.3,98.3,-50,50
"506",0,0,100,-100,100,-100
"507",-33.1,33.1,-16.9,16.9,-50,50
"508",-33,33,-17,17,-50,50
"509",-10.5,10.5,-39.5,39.5,-50,50
"510",18.9,-18.9,-68.9,68.9,-50,50
"511",28.5,-28.5,-78.5,78.5,-50,50
"512",-11.8,11.8,-38.2,38.2,-50,50
"513",12.7,-12.7,-62.7,62.7,-50,50
"514",-32.2,32.2,-17.8,17.8,-50,50
"515",-29.6,29.6,-20.4,20.4,-50,50
"516",0,0,100,-100,100,-100
"517",3.09999999999999,-3.09999999999999,-53.1,53.1,-50,50
"518",28,-28,-78,78,-50,50
"519",-33.3,33.3,-16.7,16.7,-50,50
"520",11.1,-11.1,-61.1,61.1,-50,50
"521",21.6,-21.6,-71.6,71.6,-50,50
"522",-50,75,0,-25,-50,50
"523",21.5,-21.5,-71.5,71.5,-50,50
"524",-31.1,31.1,-18.9,18.9,-50,50
"525",-26.4,26.4,-23.6,23.6,-50,50
"526",-10,10,-40,40,-50,50
"527",26.6,-26.6,-76.6,76.6,-50,50
"528",4.09999999999999,-4.10000000000001,-54.1,54.1,-50,50
"529",23.3,-23.3,-73.3,73.3,-50,50
"530",9.60000000000001,-9.59999999999999,-59.6,59.6,-50,50
"531",4.2,-4.2,-54.2,54.2,-50,50
"532",43.4,-43.4,-93.4,93.4,-50,50
"533",25.4,-25.4,-75.4,75.4,-50,50
"534",27.9,-27.9,-77.9,77.9,-50,50
"535",28.6,-28.6,-78.6,78.6,-50,50
"536",-37.3,37.3,-12.7,12.7,-50,50
"537",33.9,-33.9,-83.9,83.9,-50,50
"538",-40.1,40.1,-9.9,9.90000000000001,-50,50
"539",-16.1,16.1,-33.9,33.9,-50,50
"540",17.5,-17.5,-67.5,67.5,-50,50
"541",47.3,-47.3,-97.3,97.3,-50,50
"542",1.10000000000001,-1.09999999999999,-51.1,51.1,-50,50
"543",-50,52.2,0,-2.19999999999999,-50,50
"544",29.5,-29.5,-79.5,79.5,-50,50
"545",-33.7,33.7,-16.3,16.3,-50,50
"546",-29.2,29.2,-20.8,20.8,-50,50
"547",-19.7,19.7,-30.3,30.3,-50,50
"548",25,-25,-75,75,-50,50
"549",17.3,-17.3,-67.3,67.3,-50,50
"550",31.6,-31.6,-81.6,81.6,-50,50
"551",-27.6,27.6,-22.4,22.4,-50,50
"552",-20,20,-30,30,-50,50
"553",-38.7,38.7,-11.3,11.3,-50,50
"554",13.9,-13.9,-63.9,63.9,-50,50
"555",26.5,-26.5,-76.5,76.5,-50,50
"556",34.4,-34.4,-84.4,84.4,-50,50
"557",39.3,-39.3,-89.3,89.3,-50,50
"558",-18.8,18.8,-31.2,31.2,-50,50
"559",0,0,100,-100,100,-100
"560",9.5,-9.5,-59.5,59.5,-50,50
"561",50.3,-50.3,-100.3,100.3,-50,50
"562",17.6,-17.6,-67.6,67.6,-50,50
"563",-21.3,21.3,-28.7,28.7,-50,50
"564",-13.5,13.5,-36.5,36.5,-50,50
"565",-32.9,32.9,-17.1,17.1,-50,50
"566",-44.6,44.6,-5.40000000000001,5.40000000000001,-50,50
"567",10.9,-10.9,-60.9,60.9,-50,50
"568",18.5,-18.5,-68.5,68.5,-50,50
"569",30.3,-30.3,-80.3,80.3,-50,50
"570",0,0,100,-100,100,-100
"571",-17.3,17.3,-32.7,32.7,-50,50
"572",-44.2,44.2,-5.79999999999998,5.79999999999998,-50,50
"573",8.80000000000001,-8.8,-58.8,58.8,-50,50
"574",-30.2,30.2,-19.8,19.8,-50,50
"575",33.5,-33.5,-83.5,83.5,-50,50
"576",0,0,100,-100,100,-100
"577",-30.4,30.4,-19.6,19.6,-50,50
"578",-25.6,25.6,-24.4,24.4,-50,50
"579",-33.4,33.4,-16.6,16.6,-50,50
"580",-19,19,-31,31,-50,50
"581",20.9,-20.9,-70.9,70.9,-50,50
"582",23.2,-23.2,-73.2,73.2,-50,50
"583",23.7,-23.7,-73.7,73.7,-50,50
"584",37.9,-37.9,-87.9,87.9,-50,50
"585",33.3,-33.3,-83.3,83.3,-50,50
"586",22.8,-22.8,-72.8,72.8,-50,50
"587",30.4,-30.4,-80.4,80.4,-50,50
"588",-6.2,6.2,-43.8,43.8,-50,50
"589",33.8,-33.8,-83.8,83.8,-50,50
"590",30.7,-30.7,-80.7,80.7,-50,50
"591",45.6,-45.6,-95.6,95.6,-50,50
"592",-15.8,15.8,-34.2,34.2,-50,50
"593",-45.8,45.8,-4.2,4.20000000000002,-50,50
"594",41.3,-41.3,-91.3,91.3,-50,50
"595",-20.9,20.9,-29.1,29.1,-50,50
"596",32.5,-32.5,-82.5,82.5,-50,50
"597",-10,10,-40,40,-50,50
"598",20.7,-20.7,-70.7,70.7,-50,50
"599",-16,16,-34,34,-50,50
"600",-36.1,36.1,-13.9,13.9,-50,50
"601",21.2,-21.2,-71.2,71.2,-50,50
"602",18.2,-18.2,-68.2,68.2,-50,50
"603",-45,45,-5.00000000000001,5,-50,50
"604",-8.7,8.7,-41.3,41.3,-50,50
"605",-46.6,46.6,-3.40000000000001,3.40000000000001,-50,50
"606",23.6,-23.6,-73.6,73.6,-50,50
"607",-41.8,41.8,-8.19999999999999,8.19999999999999,-50,50
"608",-38.6,38.6,-11.4,11.4,-50,50
"609",-34.6,34.6,-15.4,15.4,-50,50
"610",-49.1,49.1,-0.900000000000013,0.900000000000006,-50,50
"611",48.6,-48.6,-98.6,98.6,-50,50
"612",37,-37,-87,87,-50,50
"613",-32,32,-18,18,-50,50
"614",-36.6,36.6,-13.4,13.4,-50,50
"615",33.1,-33.1,-83.1,83.1,-50,50
"616",-23.1,23.1,-26.9,26.9,-50,50
"617",27.8,-27.8,-77.8,77.8,-50,50
"618",0,0,-50,50,-50,50
"619",7.79999999999998,-7.8,-57.8,57.8,-50,50
"620",0,0,20000,-20000,20000,-20000
"621",-25.8,25.8,-24.2,24.2,-50,50
"622",37.6,-37.6,-87.6,87.6,-50,50
"623",-50,71.1,0,-21.1,-50,50
"624",-20.6,20.6,-29.4,29.4,-50,50
"625",-20.2,20.2,-29.8,29.8,-50,50
"626",48.7,-48.7,-98.7,98.7,-50,50
"627",8.40000000000001,-8.39999999999999,-58.4,58.4,-50,50
"628",6.3,-6.3,-56.3,56.3,-50,50
"629",-24.9,24.9,-25.1,25.1,-50,50
"630",21.1,-21.1,-71.1,71.1,-50,50
"631",-14.1,14.1,-35.9,35.9,-50,50
"632",-39.9,39.9,-10.1,10.1,-50,50
"633",-45,45,-5.00000000000001,5,-50,50
"634",-11.2,11.2,-38.8,38.8,-50,50
"635",-26,26,-24,24,-50,50
"636",-27.6,27.6,-22.4,22.4,-50,50
"637",45.8,-45.8,-95.8,95.8,-50,50
"638",-20.1,20.1,-29.9,29.9,-50,50
"639",0,0,100,-100,100,-100
"640",22.2,-22.2,-72.2,72.2,-50,50
"641",21,-21,-71,71,-50,50
"642",50.4,-50.4,-100.4,100.4,-50,50
"643",0.0999999999999943,-0.0999999999999943,-50.1,50.1,-50,50
"644",36.1,-36.1,-86.1,86.1,-50,50
"645",-28.4,28.4,-21.6,21.6,-50,50
"646",19.9,-19.9,-69.9,69.9,-50,50
"647",35.2,-35.2,-85.2,85.2,-50,50
"648",0,0,100,-100,100,-100
"649",-37.3,37.3,-12.7,12.7,-50,50
"650",15.7,-15.7,-65.7,65.7,-50,50
"651",-7.2,7.2,-42.8,42.8,-50,50
"652",16.6,-16.6,-66.6,66.6,-50,50
"653",5.39999999999998,-5.39999999999999,-55.4,55.4,-50,50
"654",26.7,-26.7,-76.7,76.7,-50,50
"655",0,0,100,-100,100,-100
"656",0,0,100,-100,100,-100
"657",-10.6,10.6,-39.4,39.4,-50,50
"658",44.3,-44.3,-94.3,94.3,-50,50
"659",36.3,-36.3,-86.3,86.3,-50,50
"660",-12.7,12.7,-37.3,37.3,-50,50
"661",-22.1,22.1,-27.9,27.9,-50,50
"662",28.8,-28.8,-78.8,78.8,-50,50
"663",-9.09999999999999,9.09999999999999,-40.9,40.9,-50,50
"664",19.3,-19.3,-69.3,69.3,-50,50
"665",10.7,-10.7,-60.7,60.7,-50,50
"666",26.9,-26.9,-76.9,76.9,-50,50
"667",39.4,-39.4,-89.4,89.4,-50,50
"668",-37.1,37.1,-12.9,12.9,-50,50
"669",-49.7,49.7,-0.300000000000011,0.300000000000011,-50,50
"670",6.09999999999999,-6.09999999999999,-56.1,56.1,-50,50
"671",38.9,-38.9,-88.9,88.9,-50,50
"672",23.9,-23.9,-73.9,73.9,-50,50
"673",-3.8,3.8,-46.2,46.2,-50,50
"674",-42.9,42.9,-7.10000000000002,7.10000000000002,-50,50
"675",-34.2,34.2,-15.8,15.8,-50,50
"676",-25.7,25.7,-24.3,24.3,-50,50
"677",-33.8,33.8,-16.2,16.2,-50,50
"678",-0.0999999999999943,0.0999999999999943,-49.9,49.9,-50,50
"679",-24.1,24.1,-25.9,25.9,-50,50
"680",23.8,-23.8,-73.8,73.8,-50,50
"681",33.7,-33.7,-83.7,83.7,-50,50
"682",24,-24,-74,74,-50,50
"683",28.4,-28.4,-78.4,78.4,-50,50
"684",-26,26,-24,24,-50,50
"685",35.6,-35.6,-85.6,85.6,-50,50
"686",-32.6,32.6,-17.4,17.4,-50,50
"687",-46.7,46.7,-3.30000000000001,3.30000000000001,-50,50
"688",0,0,100,-100,100,-100
"689",-25.6,25.6,-24.4,24.4,-50,50
"690",-45.5,45.5,-4.50000000000001,4.50000000000003,-50,50
"691",-37.3,37.3,-12.7,12.7,-50,50
"692",40.6,-40.6,-90.6,90.6,-50,50
"693",-26,26,-24,24,-50,50
"694",-13.4,13.4,-36.6,36.6,-50,50
"695",-12.5,12.5,-37.5,37.5,-50,50
"696",-22.7,22.7,-27.3,27.3,-50,50
"697",-7,7,-43,43,-50,50
"698",-50,66.4,0,-16.4,-50,50
"699",4.30000000000001,-4.3,-54.3,54.3,-50,50
"700",-33.9,33.9,-16.1,16.1,-50,50
"701",-21.3,21.3,-28.7,28.7,-50,50
"702",32.8,-32.8,-82.8,82.8,-50,50
"703",28.3,-28.3,-78.3,78.3,-50,50
"704",29.3,-29.3,-79.3,79.3,-50,50
"705",37.5,-37.5,-87.5,87.5,-50,50
"706",-41.1,41.1,-8.9,8.90000000000001,-50,50
"707",37.6,-37.6,-87.6,87.6,-50,50
"708",36.7,-36.7,-86.7,86.7,-50,50
"709",-38.8,38.8,-11.2,11.2,-50,50
"710",-29.9,29.9,-20.1,20.1,-50,50
"711",-50,53.6,0,-3.59999999999999,-50,50
"712",19.3,-19.3,-69.3,69.3,-50,50
"713",-29.2,29.2,-20.8,20.8,-50,50
"714",-2.3,2.3,-47.7,47.7,-50,50
"715",-21.7,21.7,-28.3,28.3,-50,50
"716",32.8,-32.8,-82.8,82.8,-50,50
"717",33.4,-33.4,-83.4,83.4,-50,50
"718",-11.1,11.1,-38.9,38.9,-50,50
"719",-20.5,20.5,-29.5,29.5,-50,50
"720",-16.2,16.2,-33.8,33.8,-50,50
"721",30.9,-30.9,-80.9,80.9,-50,50
"722",-26.9,26.9,-23.1,23.1,-50,50
"723",40.4,-40.4,-90.4,90.4,-50,50
"724",0,0,20000,-20000,20000,-20000
"725",-11.4,11.4,-38.6,38.6,-50,50
"726",56.5,-56.5,-106.5,106.5,-50,50
"727",23.5,-23.5,-73.5,73.5,-50,50
"728",-28.7,28.7,-21.3,21.3,-50,50
"729",18.8,-18.8,-68.8,68.8,-50,50
"730",1.69999999999999,-1.7,-51.7,51.7,-50,50
"731",-23,23,-27,27,-50,50
"732",0,0,100,-100,100,-100
"733",-15.4,15.4,-34.6,34.6,-50,50
"734",0,0,100,-100,100,-100
"735",27.9,-27.9,-77.9,77.9,-50,50
"736",-11.1,11.1,-38.9,38.9,-50,50
"737",31.5,-31.5,-81.5,81.5,-50,50
"738",-36,36,-14,14,-50,50
"739",-26.3,26.3,-23.7,23.7,-50,50
"740",-32.5,32.5,-17.5,17.5,-50,50
"741",-42.9,42.9,-7.10000000000002,7.10000000000002,-50,50
"742",2.2,-2.2,-52.2,52.2,-50,50
"743",-13.8,13.8,-36.2,36.2,-50,50
"744",27.7,-27.7,-77.7,77.7,-50,50
"745",0,0,100,-100,100,-100
"746",0,0,100,-100,100,-100
"747",33.6,-33.6,-83.6,83.6,-50,50
"748",10.1,-10.1,-60.1,60.1,-50,50
"749",-29.7,29.7,-20.3,20.3,-50,50
"750",0,0,20000,-20000,20000,-20000
"751",11.1,-11.1,-61.1,61.1,-50,50
"752",36.2,-36.2,-86.2,86.2,-50,50
"753",28.5,-28.5,-78.5,78.5,-50,50
"754",25.8,-25.8,-75.8,75.8,-50,50
"755",29.4,-29.4,-79.4,79.4,-50,50
"756",12.1,-12.1,-62.1,62.1,-50,50
"757",-18.5,18.5,-31.5,31.5,-50,50
"758",-30.1,30.1,-19.9,19.9,-50,50
"759",34.5,-34.5,-84.5,84.5,-50,50
"760",-50,68,0,-18,-50,50
"761",-14,14,-36,36,-50,50
"762",0,0,100,-100,100,-100
"763",39.4,-39.4,-89.4,89.4,-50,50
"764",5.60000000000001,-5.60000000000001,-55.6,55.6,-50,50
"765",-50,75.6,0,-25.6,-50,50
"766",-5.2,5.2,-44.8,44.8,-50,50
"767",-16.5,16.5,-33.5,33.5,-50,50
"768",-29,29,-21,21,-50,50
"769",38.5,-38.5,-88.5,88.5,-50,50
"770",36.1,-36.1,-86.1,86.1,-50,50
"771",-36.6,36.6,-13.4,13.4,-50,50
"772",-18.8,18.8,-31.2,31.2,-50,50
"773",0,0,100,-100,100,-100
"774",0,0,100,-100,100,-100
"775",-8.60000000000001,8.60000000000001,-41.4,41.4,-50,50
"776",0,0,20000,-20000,20000,-20000
"777",-2.8,2.8,-47.2,47.2,-50,50
"778",35,-35,-85,85,-50,50
"779",31.1,-31.1,-81.1,81.1,-50,50
"780",-11.1,11.1,-38.9,38.9,-50,50
"781",-35.2,35.2,-14.8,14.8,-50,50
"782",-27,27,-23,23,-50,50
"783",28.5,-28.5,-78.5,78.5,-50,50
"784",-34.4,34.4,-15.6,15.6,-50,50
"785",39.9,-39.9,-89.9,89.9,-50,50
"786",26.8,-26.8,-76.8,76.8,-50,50
"787",-50,69,0,-19,-50,50
"788",-35.5,35.5,-14.5,14.5,-50,50
"789",19.4,-19.4,-69.4,69.4,-50,50
"790",-27.9,27.9,-22.1,22.1,-50,50
"791",-2.69999999999999,2.69999999999999,-47.3,47.3,-50,50
"792",11.2,-11.2,-61.2,61.2,-50,50
"793",0.200000000000003,-0.200000000000003,-50.2,50.2,-50,50
"794",-25.9,25.9,-24.1,24.1,-50,50
"795",-50,52,0,-2,-50,50
"796",38.5,-38.5,-88.5,88.5,-50,50
"797",22.3,-22.3,-72.3,72.3,-50,50
"798",-21.6,21.6,-28.4,28.4,-50,50
"799",14.1,-14.1,-64.1,64.1,-50,50
"800",-16,16,-34,34,-50,50
"801",-21.7,21.7,-28.3,28.3,-50,50
"802",-18.6,18.6,-31.4,31.4,-50,50
"803",-37.6,37.6,-12.4,12.4,-50,50
"804",32.2,-32.2,-82.2,82.2,-50,50
"805",-18.6,18.6,-31.4,31.4,-50,50
"806",-10.6,10.6,-39.4,39.4,-50,50
"807",45.7,-45.7,-95.7,95.7,-50,50
"808",-42.1,42.1,-7.9,7.90000000000001,-50,50
"809",-35.1,35.1,-14.9,14.9,-50,50
"810",-31.3,31.3,-18.7,18.7,-50,50
"811",26.2,-26.2,-76.2,76.2,-50,50
"812",-31.4,31.4,-18.6,18.6,-50,50
"813",-27.3,27.3,-22.7,22.7,-50,50
"814",31.1,-31.1,-81.1,81.1,-50,50
"815",10,-10,-60,60,-50,50
"816",29.8,-29.8,-79.8,79.8,-50,50
"817",22.2,-22.2,-72.2,72.2,-50,50
"818",-21.9,21.9,-28.1,28.1,-50,50
"819",31.7,-31.7,-81.7,81.7,-50,50
"820",-18.6,18.6,-31.4,31.4,-50,50
"821",-19.4,19.4,-30.6,30.6,-50,50
"822",-44.5,44.5,-5.49999999999999,5.5,-50,50
"823",28.4,-28.4,-78.4,78.4,-50,50
"824",-39.6,39.6,-10.4,10.4,-50,50
"825",-23.9,23.9,-26.1,26.1,-50,50
"826",13.8,-13.8,-63.8,63.8,-50,50
"827",-33.2,33.2,-16.8,16.8,-50,50
"828",-37.4,37.4,-12.6,12.6,-50,50
"829",-22.1,22.1,-27.9,27.9,-50,50
"830",-21.4,21.4,-28.6,28.6,-50,50
"831",-10.8,10.8,-39.2,39.2,-50,50
"832",0,0,100,-100,100,-100
"833",22.4,-22.4,-72.4,72.4,-50,50
"834",-21.8,21.8,-28.2,28.2,-50,50
"835",-50,77.1,0,-27.1,-50,50
"836",-9.3,9.3,-40.7,40.7,-50,50
"837",-27.5,27.5,-22.5,22.5,-50,50
"838",34.9,-34.9,-84.9,84.9,-50,50
"839",-45.9,45.9,-4.10000000000002,4.10000000000002,-50,50
"840",-20.8,20.8,-29.2,29.2,-50,50
"841",-25.9,25.9,-24.1,24.1,-50,50
"842",-50,56.3,0,-6.29999999999998,-50,50
"843",-26.8,26.8,-23.2,23.2,-50,50
"844",31,-31,-81,81,-50,50
"845",7.5,-7.5,-57.5,57.5,-50,50
"846",0,0,100,-100,100,-100
"847",42.9,-42.9,-92.9,92.9,-50,50
"848",24.6,-24.6,-74.6,74.6,-50,50
"849",-18,18,-32,32,-50,50
"850",-14.8,14.8,-35.2,35.2,-50,50
"851",-36.7,36.7,-13.3,13.3,-50,50
"852",-48.3,48.3,-1.70000000000001,1.70000000000002,-50,50
"853",27.4,-27.4,-77.4,77.4,-50,50
"854",0,0,100,-100,100,-100
"855",-21.5,21.5,-28.5,28.5,-50,50
"856",15.9,-15.9,-65.9,65.9,-50,50
"857",-46.6,46.6,-3.40000000000001,3.40000000000001,-50,50
"858",12.2,-12.2,-62.2,62.2,-50,50
"859",35.7,-35.7,-85.7,85.7,-50,50
"860",21.2,-21.2,-71.2,71.2,-50,50
"861",-5.40000000000001,5.40000000000001,-44.6,44.6,-50,50
"862",-12.3,12.3,-37.7,37.7,-50,50
"863",-50,65.7,0,-15.7,-50,50
"864",11.3,-11.3,-61.3,61.3,-50,50
"865",-18.2,18.2,-31.8,31.8,-50,50
"866",-37.4,37.4,-12.6,12.6,-50,50
"867",-50,53,0,-3,-50,50
"868",27.5,-27.5,-77.5,77.5,-50,50
"869",6.09999999999999,-6.09999999999999,-56.1,56.1,-50,50
"870",-26.5,26.5,-23.5,23.5,-50,50
"871",-22.5,22.5,-27.5,27.5,-50,50
"872",-5.09999999999999,5.09999999999999,-44.9,44.9,-50,50
"873",15.8,-15.8,-65.8,65.8,-50,50
"874",26.1,-26.1,-76.1,76.1,-50,50
"875",-7.2,7.2,-42.8,42.8,-50,50
"876",55.5,-55.5,-105.5,105.5,-50,50
"877",32.9,-32.9,-82.9,82.9,-50,50
"878",36.8,-36.8,-86.8,86.8,-50,50
"879",-4.3,4.3,-45.7,45.7,-50,50
"880",1.2,-1.2,-51.2,51.2,-50,50
"881",30.4,-30.4,-80.4,80.4,-50,50
"882",-11,11,-39,39,-50,50
"883",19.3,-19.3,-69.3,69.3,-50,50
"884",-21,21,-29,29,-50,50
"885",-18.1,18.1,-31.9,31.9,-50,50
"886",24.8,-24.8,-74.8,74.8,-50,50
"887",-27.3,27.3,-22.7,22.7,-50,50
"888",29.2,-29.2,-79.2,79.2,-50,50
"889",44.8,-44.8,-94.8,94.8,-50,50
"890",10.5,-10.5,-60.5,60.5,-50,50
"891",-12.5,12.5,-37.5,37.5,-50,50
"892",-21.3,21.3,-28.7,28.7,-50,50
"893",32.6,-32.6,-82.6,82.6,-50,50
"894",33.3,-33.3,-83.3,83.3,-50,50
"895",-23.7,23.7,-26.3,26.3,-50,50
"896",33,-33,-83,83,-50,50
"897",-19.1,19.1,-30.9,30.9,-50,50
"898",33.9,-33.9,-83.9,83.9,-50,50
"899",10.5,-10.5,-60.5,60.5,-50,50
"900",-26.3,26.3,-23.7,23.7,-50,50
"901",-23.5,23.5,-26.5,26.5,-50,50
"902",0,0,100,-100,100,-100
"903",36.5,-36.5,-86.5,86.5,-50,50
"904",30.7,-30.7,-80.7,80.7,-50,50
"905",-10.2,10.2,-39.8,39.8,-50,50
"906",25.1,-25.1,-75.1,75.1,-50,50
"907",-48.3,48.3,-1.69999999999999,1.69999999999999,-50,50
"908",-50,51.4,0,-1.40000000000001,-50,50
"909",40.6,-40.6,-90.6,90.6,-50,50
"910",-50,61.6,0,-11.6,-50,50
"911",26.5,-26.5,-76.5,76.5,-50,50
"912",-9.60000000000001,9.60000000000001,-40.4,40.4,-50,50
"913",9.09999999999999,-9.09999999999999,-59.1,59.1,-50,50
"914",-31,31,-19,19,-50,50
"915",-43,43,-7.00000000000001,7,-50,50
"916",0,0,100,-100,100,-100
"917",-26.1,26.1,-23.9,23.9,-50,50
"918",-1.09999999999999,1.09999999999999,-48.9,48.9,-50,50
"919",-9.00000000000001,9.00000000000001,-41,41,-50,50
"920",5.2,-5.2,-55.2,55.2,-50,50
"921",-24.6,24.6,-25.4,25.4,-50,50
"922",23.4,-23.4,-73.4,73.4,-50,50
"923",-43.2,43.2,-6.8,6.80000000000001,-50,50
"924",-27.5,27.5,-22.5,22.5,-50,50
"925",-37.7,37.7,-12.3,12.3,-50,50
"926",-34,34,-16,16,-50,50
"927",-45.3,45.3,-4.70000000000002,4.70000000000002,-50,50
"928",0,0,100,-100,100,-100
"929",-7.09999999999999,7.09999999999999,-42.9,42.9,-50,50
"930",-44.3,44.3,-5.70000000000002,5.70000000000002,-50,50
"931",42,-42,-92,92,-50,50
"932",38.6,-38.6,-88.6,88.6,-50,50
"933",-8.3,8.3,-41.7,41.7,-50,50
"934",37.1,-37.1,-87.1,87.1,-50,50
"935",39.2,-39.2,-89.2,89.2,-50,50
"936",-27.8,27.8,-22.2,22.2,-50,50
"937",20.9,-20.9,-70.9,70.9,-50,50
"938",-33.6,33.6,-16.4,16.4,-50,50
"939",16.7,-16.7,-66.7,66.7,-50,50
"940",46.2,-46.2,-96.2,96.2,-50,50
"941",0,0,100,-100,100,-100
"942",14.7,-14.7,-64.7,64.7,-50,50
"943",24.9,-24.9,-74.9,74.9,-50,50
"944",-50,53.4,0,-3.40000000000001,-50,50
"945",28.9,-28.9,-78.9,78.9,-50,50
"946",0.499999999999986,-0.5,-50.5,50.5,-50,50
"947",-13,13,-37,37,-50,50
"948",-28.8,28.8,-21.2,21.2,-50,50
"949",-28.1,28.1,-21.9,21.9,-50,50
"950",-33.8,33.8,-16.2,16.2,-50,50
"951",35.8,-35.8,-85.8,85.8,-50,50
"952",-34.3,34.3,-15.7,15.7,-50,50
"953",-28,28,-22,22,-50,50
"954",-29.5,29.5,-20.5,20.5,-50,50
"955",-27,27,-23,23,-50,50
"956",-10.3,10.3,-39.7,39.7,-50,50
"957",-50,68.4,0,-18.4,-50,50
"958",-11.9,11.9,-38.1,38.1,-50,50
"959",-46.7,46.7,-3.30000000000001,3.30000000000001,-50,50
"960",-8.2,8.2,-41.8,41.8,-50,50
"961",38.3,-38.3,-88.3,88.3,-50,50
"962",-28.1,28.1,-21.9,21.9,-50,50
"963",17.3,-17.3,-67.3,67.3,-50,50
"964",-13.1,13.1,-36.9,36.9,-50,50
"965",28.9,-28.9,-78.9,78.9,-50,50
"966",-33.2,33.2,-16.8,16.8,-50,50
"967",-6.5,6.5,-43.5,43.5,-50,50
"968",18.5,-18.5,-68.5,68.5,-50,50
"969",22.5,-22.5,-72.5,72.5,-50,50
"970",16.1,-16.1,-66.1,66.1,-50,50
"971",-28,28,-22,22,-50,50
"972",28.6,-28.6,-78.6,78.6,-50,50
"973",-35.2,35.2,-14.8,14.8,-50,50
"974",-29.7,29.7,-20.3,20.3,-50,50
"975",8.09999999999999,-8.09999999999999,-58.1,58.1,-50,50
"976",12.7,-12.7,-62.7,62.7,-50,50
"977",26.4,-26.4,-76.4,76.4,-50,50
"978",-4.69999999999999,4.69999999999999,-45.3,45.3,-50,50
"979",-18.8,18.8,-31.2,31.2,-50,50
"980",23.6,-23.6,-73.6,73.6,-50,50
"981",19.3,-19.3,-69.3,69.3,-50,50
"982",-30.8,30.8,-19.2,19.2,-50,50
"983",43.3,-43.3,-93.3,93.3,-50,50
"984",-22.5,22.5,-27.5,27.5,-50,50
"985",-28.3,28.3,-21.7,21.7,-50,50
"986",-10.9,10.9,-39.1,39.1,-50,50
"987",-35.5,35.5,-14.5,14.5,-50,50
"988",10.5,-10.5,-60.5,60.5,-50,50
"989",-15.2,15.2,-34.8,34.8,-50,50
"990",-30.5,30.5,-19.5,19.5,-50,50
"991",18.7,-18.7,-68.7,68.7,-50,50
"992",17.4,-17.4,-67.4,67.4,-50,50
"993",-34.3,34.3,-15.7,15.7,-50,50
"994",-30.3,30.3,-19.7,19.7,-50,50
"995",-43.6,43.6,-6.40000000000001,6.40000000000001,-50,50
"996",-11.9,11.9,-38.1,38.1,-50,50
"997",35.4,-35.4,-85.4,85.4,-50,50
"998",-16.9,16.9,-33.1,33.1,-50,50
"999",28.5,-28.5,-78.5,78.5,-50,50
"1000",-12.3,12.3,-37.7,37.7,-50,50
