"","p1_luckeq","p2_luckeq","p1_skilleq","p2_skilleq","p1_chips","p2_chips"
"1",-1.55,1.55,0,0,1010,990
"2",-2.9,2.9,0,0,1010,990
"3",-2.84,2.84,0,0,1010,990
"4",0.400000000000002,-0.400000000000002,0,0,1010,990
"5",0.0400000000000027,-0.0400000000000009,0,0,1010,990
"6",6.37,-6.37,0,0,1010,990
"7",-6.89,6.89,0,0,1010,990
"8",-1.67,1.67,0,0,1010,990
"9",-1.49,1.49,0,0,1010,990
"10",-1.94,1.94,0,0,1010,990
"11",-5.15,5.15,0,0,1010,990
"12",4.51,-4.51,0,0,1010,990
"13",-7.1,7.1,0,0,1010,990
"14",-2.03,2.03,0,0,1010,990
"15",-8.33,8.33,0,0,1010,990
"16",0.0400000000000027,-0.0400000000000009,0,0,1010,990
"17",-4.64,4.64,0,0,1010,990
"18",-2.6,2.6,0,0,1010,990
"19",-5.84,5.84,0,0,1010,990
"20",2.53,-2.53,0,0,1010,990
"21",1.93,-1.93,0,0,1010,990
"22",2.5,-2.5,0,0,1010,990
"23",-0.0799999999999983,0.0799999999999983,0,0,1010,990
"24",-7.94,7.94,0,0,1010,990
"25",-7.94,7.94,0,0,1010,990
"26",2.56,-2.56,0,0,1010,990
"27",-0.949999999999999,0.949999999999999,0,0,1010,990
"28",-8.72,8.72,0,0,1010,990
"29",4.51,-4.51,0,0,1010,990
"30",-2.03,2.03,0,0,1010,990
"31",1.36,-1.36,0,0,1010,990
"32",-6.5,6.5,0,0,1010,990
"33",-0.829999999999998,0.83,0,0,1010,990
"34",-6.11,6.11,0,0,1010,990
"35",-2.33,2.33,0,0,1010,990
"36",-1.07,1.07,0,0,1010,990
"37",-3.5,3.5,0,0,1010,990
"38",-5.06,5.06,0,0,1010,990
"39",-1.04,1.04,0,0,1010,990
"40",-4.01,4.01,0,0,1010,990
"41",-3.41,3.41,0,0,1010,990
"42",-6.56,6.56,0,0,1010,990
"43",-9.29,9.29,0,0,1010,990
"44",-0.890000000000001,0.890000000000001,0,0,1010,990
"45",-6.5,6.5,0,0,1010,990
"46",-8.03,8.03,0,0,1010,990
"47",-2.06,2.06,0,0,1010,990
"48",-5.78,5.78,0,0,1010,990
"49",-11.21,11.21,0,0,1010,990
"50",-2.6,2.6,0,0,1010,990
"51",1.63,-1.63,0,0,1010,990
"52",-8.96,8.96,0,0,1010,990
"53",6.31,-6.31,0,0,1010,990
"54",-3.8,3.8,0,0,1010,990
"55",-4.7,4.7,0,0,1010,990
"56",-15.2,15.2,-744.8,744.8,0,2000
"57",-1.34,1.34,0,0,1010,990
"58",-7.43,7.43,0,0,1010,990
"59",-10.31,10.31,0,0,1010,990
"60",-4.1,4.1,0,0,1010,990
"61",-1.04,1.04,0,0,1010,990
"62",-11.3,11.3,0,0,1010,990
"63",-1.37,1.37,0,0,1010,990
"64",0.639999999999997,-0.639999999999999,0,0,1010,990
"65",-0.710000000000001,0.709999999999999,0,0,1010,990
"66",-3.65,3.65,0,0,1010,990
"67",-5.03,5.03,0,0,1010,990
"68",-12.71,12.71,0,0,1010,990
"69",-15.59,15.59,0,0,1010,990
"70",1,-0.999999999999998,0,0,1010,990
"71",-1.61,1.61,0,0,1010,990
"72",-1.04,1.04,0,0,1010,990
"73",1.33,-1.33,0,0,1010,990
"74",-6.32,6.32,0,0,1010,990
"75",-2.12,2.12,0,0,1010,990
"76",-11.21,11.21,0,0,1010,990
"77",-3.95,3.95,0,0,1010,990
"78",6.58,-6.58,0,0,1010,990
"79",-6.65,6.65,0,0,1010,990
"80",-3.05,3.05,0,0,1010,990
"81",9.52,-9.52,0,0,1010,990
"82",-6.8,6.8,0,0,1010,990
"83",-9.56,9.56,0,0,1010,990
"84",-2.33,2.33,0,0,1010,990
"85",-4.76,4.76,0,0,1010,990
"86",1.15,-1.15,0,0,1010,990
"87",-0.77,0.77,0,0,1010,990
"88",3.97,-3.97,0,0,1010,990
"89",-10.28,10.28,0,0,1010,990
"90",-0.739999999999998,0.74,0,0,1010,990
"91",-3.05,3.05,0,0,1010,990
"92",-0.140000000000001,0.139999999999999,0,0,1010,990
"93",-12.64,12.64,180.32,-180.32,980,1020
"94",-11.33,11.33,0,0,1010,990
"95",-10.31,10.31,0,0,1010,990
"96",-8.69,8.69,0,0,1010,990
"97",-8.06,8.06,0,0,1010,990
"98",7.66,-7.66,0,0,1010,990
"99",-7.76,7.76,0,0,1010,990
"100",1.39,-1.39,0,0,1010,990
"101",1.39,-1.39,0,0,1010,990
"102",-2.69,2.69,0,0,1010,990
"103",-1.91,1.91,0,0,1010,990
"104",-4.13,4.13,0,0,1010,990
"105",-10.58,10.58,0,0,1010,990
"106",-2.06,2.06,0,0,1010,990
"107",-7.64,7.64,0,0,1010,990
"108",-0.0199999999999996,0.0199999999999996,0,0,1010,990
"109",-6.89,6.89,0,0,1010,990
"110",9.37,-9.37,0,0,1010,990
"111",-2.81,2.81,0,0,1010,990
"112",-10.46,10.46,0,0,1010,990
"113",-3.8,3.8,0,0,1010,990
"114",-11.69,11.69,0,0,1010,990
"115",-5.87,5.87,0,0,1010,990
"116",-4.43,4.43,0,0,1010,990
"117",-11,11,0,0,1010,990
"118",-0.0499999999999972,0.0499999999999989,0,0,1010,990
"119",-7.43,7.43,0,0,1010,990
"120",2.92,-2.92,0,0,1010,990
"121",-9.59,9.59,0,0,1010,990
"122",-4.97,4.97,0,0,1010,990
"123",-11.72,11.72,0,0,1010,990
"124",-6.44,6.44,0,0,1010,990
"125",-7.4,7.4,0,0,1010,990
"126",-3.23,3.23,0,0,1010,990
"127",-1.7,1.7,0,0,1010,990
"128",-8.93,8.93,0,0,1010,990
"129",-3.47,3.47,0,0,1010,990
"130",-9.32,9.32,0,0,1010,990
"131",-5.75,5.75,0,0,1010,990
"132",-10.46,10.46,0,0,1010,990
"133",-3.83,3.83,0,0,1010,990
"134",-7.49,7.49,0,0,1010,990
"135",2.83,-2.83,0,0,1010,990
"136",-2.81,2.81,0,0,1010,990
"137",-5.06,5.06,0,0,1010,990
"138",-7.76,7.76,0,0,1010,990
"139",-2.36,2.36,0,0,1010,990
"140",-9.59,9.59,0,0,1010,990
"141",-9.62,9.62,0,0,1010,990
"142",-8.51,8.51,0,0,1010,990
"143",-0.289999999999999,0.289999999999999,0,0,1010,990
"144",-8.9,8.9,0,0,1010,990
"145",-5.03,5.03,0,0,1010,990
"146",-4.91,4.91,0,0,1010,990
"147",-4.85,4.85,0,0,1010,990
"148",-4.55,4.55,0,0,1010,990
"149",-1.28,1.28,0,0,1010,990
"150",-2.12,2.12,0,0,1010,990
"151",-8.99,8.99,0,0,1010,990
"152",-6.56,6.56,0,0,1010,990
"153",-5.78,5.78,0,0,1010,990
"154",-4.31,4.31,0,0,1010,990
"155",-0.259999999999998,0.26,0,0,1010,990
"156",-0.68,0.68,0,0,1010,990
"157",-2.39,2.39,0,0,1010,990
"158",-1.37,1.37,0,0,1010,990
"159",-11.72,11.72,-574.28,574.28,0,2000
"160",-4.49,4.49,0,0,1010,990
"161",-8.51,8.51,0,0,1010,990
"162",-10.19,10.19,0,0,1010,990
"163",0.43,-0.430000000000001,0,0,1010,990
"164",-1.94,1.94,0,0,1010,990
"165",1.15,-1.15,0,0,1010,990
"166",-2.57,2.57,0,0,1010,990
"167",-11.48,11.48,0,0,1010,990
"168",-4.34,4.34,0,0,1010,990
"169",-7.22,7.22,0,0,1010,990
"170",-4.88,4.88,0,0,1010,990
"171",-5.76,5.76,348.88,-348.88,980,1020
"172",-3.11,3.11,0,0,1010,990
"173",-7.88,7.88,0,0,1010,990
"174",-0.41,0.41,0,0,1010,990
"175",-3.53,3.53,0,0,1010,990
"176",-3.74,3.74,0,0,1010,990
"177",2.62,-2.62,0,0,1010,990
"178",-7.1,7.1,0,0,1010,990
"179",-9.17,9.17,0,0,1010,990
"180",-1.04,1.04,0,0,1010,990
"181",0.639999999999997,-0.639999999999999,0,0,1010,990
"182",-3.32,3.32,0,0,1010,990
"183",-11.03,11.03,0,0,1010,990
"184",-0.859999999999999,0.859999999999999,0,0,1010,990
"185",-7.82,7.82,0,0,1010,990
"186",-4.82,4.82,0,0,1010,990
"187",-6.44,6.44,0,0,1010,990
"188",-0.469999999999999,0.469999999999999,0,0,1010,990
"189",-3.26,3.26,0,0,1010,990
"190",0.669999999999998,-0.669999999999998,0,0,1010,990
"191",-2.21,2.21,0,0,1010,990
"192",-1.88,1.88,0,0,1010,990
"193",2.83,-2.83,0,0,1010,990
"194",-9.02,9.02,0,0,1010,990
"195",1.51,-1.51,0,0,1010,990
"196",-11.75,11.75,0,0,1010,990
"197",3.85,-3.85,0,0,1010,990
"198",-7.55,7.55,0,0,1010,990
"199",2.44,-2.44,0,0,1010,990
"200",-9.17,9.17,0,0,1010,990
"201",-2.9,2.9,0,0,1010,990
"202",7.81,-7.81,0,0,1010,990
"203",-1.55,1.55,0,0,1010,990
"204",-3.62,3.62,0,0,1010,990
"205",-2.39,2.39,0,0,1010,990
"206",-14.66,14.66,0,0,1010,990
"207",-2.21,2.21,0,0,1010,990
"208",-9.56,9.56,0,0,1010,990
"209",-5.66,5.66,0,0,1010,990
"210",0.550000000000001,-0.550000000000001,0,0,1010,990
"211",-5.99,5.99,0,0,1010,990
"212",-6.59,6.59,0,0,1010,990
"213",9.16,-9.16,0,0,1010,990
"214",-10.79,10.79,0,0,1010,990
"215",-4.61,4.61,0,0,1010,990
"216",-10.73,10.73,0,0,1010,990
"217",-10.94,10.94,0,0,1010,990
"218",-7.58,7.58,0,0,1010,990
"219",-6.02,6.02,0,0,1010,990
"220",-3.32,3.32,0,0,1010,990
"221",-7.19,7.19,0,0,1010,990
"222",-2.06,2.06,0,0,1010,990
"223",-5.51,5.51,0,0,1010,990
"224",-8.75,8.75,0,0,1010,990
"225",0.879999999999999,-0.879999999999999,0,0,1010,990
"226",-9.53,9.53,0,0,1010,990
"227",-1.67,1.67,0,0,1010,990
"228",-6.83,6.83,0,0,1010,990
"229",-1.52,1.52,0,0,1010,990
"230",1.36,-1.36,0,0,1010,990
"231",-1.13,1.13,0,0,1010,990
"232",1.57,-1.57,0,0,1010,990
"233",-3.83,3.83,0,0,1010,990
"234",-1.43,1.43,0,0,1010,990
"235",1.72,-1.72,0,0,1010,990
"236",-8.33,8.33,0,0,1010,990
"237",-1.37,1.37,0,0,1010,990
"238",-11.69,11.69,0,0,1010,990
"239",-8.06,8.06,0,0,1010,990
"240",-6.89,6.89,0,0,1010,990
"241",-11.24,11.24,0,0,1010,990
"242",-3.56,3.56,0,0,1010,990
"243",1.6,-1.6,0,0,1010,990
"244",-5.99,5.99,0,0,1010,990
"245",-7.58,7.58,0,0,1010,990
"246",-7.01,7.01,0,0,1010,990
"247",-6.47,6.47,0,0,1010,990
"248",-5.39,5.39,0,0,1010,990
"249",0.580000000000002,-0.580000000000002,0,0,1010,990
"250",0.969999999999999,-0.969999999999999,0,0,1010,990
"251",-5.3,5.3,0,0,1010,990
"252",-6.71,6.71,0,0,1010,990
"253",-7.28,7.28,0,0,1010,990
"254",-1.55,1.55,0,0,1010,990
"255",-2.57,2.57,0,0,1010,990
"256",-0.559999999999999,0.559999999999999,0,0,1010,990
"257",-8.9,8.9,0,0,1010,990
"258",-3.53,3.53,0,0,1010,990
"259",-1.46,1.46,0,0,1010,990
"260",-15.72,15.72,-770.28,770.28,0,2000
"261",-0.259999999999998,0.26,0,0,1010,990
"262",-1.97,1.97,0,0,1010,990
"263",1,-0.999999999999998,0,0,1010,990
"264",-3.5,3.5,0,0,1010,990
"265",-4.61,4.61,0,0,1010,990
"266",-9.29,9.29,0,0,1010,990
"267",-9.17,9.17,0,0,1010,990
"268",-6.35,6.35,0,0,1010,990
"269",-7.85,7.85,0,0,1010,990
"270",-2.3,2.3,0,0,1010,990
"271",-1.55,1.55,0,0,1010,990
"272",-1.1,1.1,0,0,1010,990
"273",-7.31,7.31,0,0,1010,990
"274",0.460000000000001,-0.460000000000001,0,0,1010,990
"275",-3.53,3.53,0,0,1010,990
"276",4.3,-4.3,0,0,1010,990
"277",-1.28,1.28,0,0,1010,990
"278",-2.39,2.39,0,0,1010,990
"279",2.74,-2.74,0,0,1010,990
"280",-7.01,7.01,0,0,1010,990
"281",-6.41,6.41,0,0,1010,990
"282",-2.24,2.24,0,0,1010,990
"283",-9.56,9.56,0,0,1010,990
"284",-9.26,9.26,0,0,1010,990
"285",-7.97,7.97,0,0,1010,990
"286",-8.27,8.27,0,0,1010,990
"287",-7.7,7.7,0,0,1010,990
"288",0.460000000000001,-0.460000000000001,0,0,1010,990
"289",-0.469999999999999,0.469999999999999,0,0,1010,990
"290",-7.37,7.37,0,0,1010,990
"291",-9.74,9.74,0,0,1010,990
"292",-5.75,5.75,0,0,1010,990
"293",-8.12,8.12,0,0,1010,990
"294",1.99,-1.99,0,0,1010,990
"295",-8.33,8.33,0,0,1010,990
"296",5.41,-5.41,0,0,1010,990
"297",-8.75,8.75,0,0,1010,990
"298",-1.37,1.37,0,0,1010,990
"299",-10.58,10.58,0,0,1010,990
"300",1.93,-1.93,0,0,1010,990
"301",2.86,-2.86,0,0,1010,990
"302",-0.32,0.319999999999999,0,0,1010,990
"303",-10.88,10.88,0,0,1010,990
"304",-1.64,1.64,0,0,1010,990
"305",-4.55,4.55,0,0,1010,990
"306",-0.59,0.59,0,0,1010,990
"307",-6.44,6.44,0,0,1010,990
"308",-6.17,6.17,0,0,1010,990
"309",-6.71,6.71,0,0,1010,990
"310",-7.46,7.46,0,0,1010,990
"311",-0.5,0.5,0,0,1010,990
"312",-10.37,10.37,0,0,1010,990
"313",-2.45,2.45,0,0,1010,990
"314",-2.72,2.72,0,0,1010,990
"315",-10.64,10.64,0,0,1010,990
"316",-0.379999999999999,0.379999999999999,0,0,1010,990
"317",-8.21,8.21,0,0,1010,990
"318",-9.44,9.44,0,0,1010,990
"319",3.46,-3.46,0,0,1010,990
"320",-1.79,1.79,0,0,1010,990
"321",-4.76,4.76,0,0,1010,990
"322",-0.77,0.77,0,0,1010,990
"323",-8.72,8.72,-427.28,427.28,0,2000
"324",0.699999999999999,-0.699999999999999,0,0,1010,990
"325",-10.49,10.49,0,0,1010,990
"326",6.19,-6.19,0,0,1010,990
"327",-9.44,9.44,0,0,1010,990
"328",-0.919999999999998,0.92,0,0,1010,990
"329",-6.59,6.59,0,0,1010,990
"330",-8.84,8.84,0,0,1010,990
"331",-1.79,1.79,0,0,1010,990
"332",-8.69,8.69,0,0,1010,990
"333",1.21,-1.21,0,0,1010,990
"334",-2.99,2.99,0,0,1010,990
"335",-7.13,7.13,0,0,1010,990
"336",-0.109999999999999,0.109999999999999,0,0,1010,990
"337",-0.890000000000001,0.890000000000001,0,0,1010,990
"338",-10.19,10.19,0,0,1010,990
"339",-1.64,1.64,0,0,1010,990
"340",-9.2,9.2,0,0,1010,990
"341",-0.439999999999998,0.44,0,0,1010,990
"342",-10.1,10.1,0,0,1010,990
"343",-6.62,6.62,0,0,1010,990
"344",8.02,-8.02,0,0,1010,990
"345",-0.620000000000001,0.619999999999999,0,0,1010,990
"346",-5.69,5.69,0,0,1010,990
"347",-7.88,7.88,0,0,1010,990
"348",-9.95,9.95,0,0,1010,990
"349",1.51,-1.51,0,0,1010,990
"350",-3.2,3.2,0,0,1010,990
"351",-1.94,1.94,0,0,1010,990
"352",-6.26,6.26,0,0,1010,990
"353",2.65,-2.65,0,0,1010,990
"354",-4.79,4.79,0,0,1010,990
"355",-16.36,16.36,-801.64,801.64,0,2000
"356",-5.54,5.54,0,0,1010,990
"357",-8.54,8.54,0,0,1010,990
"358",-1.73,1.73,0,0,1010,990
"359",0.0100000000000016,-0.0100000000000016,0,0,1010,990
"360",-8.48,8.48,0,0,1010,990
"361",-5.06,5.06,0,0,1010,990
"362",-10.28,10.28,0,0,1010,990
"363",-7.34,7.34,0,0,1010,990
"364",-5.39,5.39,0,0,1010,990
"365",-8.06,8.06,0,0,1010,990
"366",-2,2,0,0,1010,990
"367",-7.7,7.7,0,0,1010,990
"368",2.71,-2.71,0,0,1010,990
"369",-9.77,9.77,0,0,1010,990
"370",-0.469999999999999,0.469999999999999,0,0,1010,990
"371",-5.39,5.39,0,0,1010,990
"372",-13.97,13.97,0,0,1010,990
"373",-10.91,10.91,0,0,1010,990
"374",2.86,-2.86,0,0,1010,990
"375",-7.37,7.37,0,0,1010,990
"376",-6.26,6.26,0,0,1010,990
"377",-2.78,2.78,0,0,1010,990
"378",-7.85,7.85,0,0,1010,990
"379",-9.44,9.44,0,0,1010,990
"380",-8.09,8.09,0,0,1010,990
"381",-0.5,0.5,0,0,1010,990
"382",-1.79,1.79,0,0,1010,990
"383",-8.42,8.42,0,0,1010,990
"384",-10.04,10.04,0,0,1010,990
"385",-3.65,3.65,0,0,1010,990
"386",-8.96,8.96,0,0,1010,990
"387",-12.8,12.8,-627.2,627.2,0,2000
"388",-4.61,4.61,0,0,1010,990
"389",-4.31,4.31,0,0,1010,990
"390",-2.42,2.42,0,0,1010,990
"391",-4.73,4.73,0,0,1010,990
"392",-7.37,7.37,0,0,1010,990
"393",-7.22,7.22,0,0,1010,990
"394",-2.36,2.36,0,0,1010,990
"395",-1.7,1.7,0,0,1010,990
"396",-9.02,9.02,0,0,1010,990
"397",-8.57,8.57,0,0,1010,990
"398",0.100000000000001,-0.100000000000001,0,0,1010,990
"399",-1.28,1.28,0,0,1010,990
"400",2.32,-2.32,0,0,1010,990
"401",-4.94,4.94,0,0,1010,990
"402",-8.72,8.72,0,0,1010,990
"403",-5.15,5.15,0,0,1010,990
"404",-1.61,1.61,0,0,1010,990
"405",1.45,-1.45,0,0,1010,990
"406",-5.69,5.69,0,0,1010,990
"407",-6.56,6.56,0,0,1010,990
"408",-9.98,9.98,0,0,1010,990
"409",-8.18,8.18,0,0,1010,990
"410",-3.53,3.53,0,0,1010,990
"411",-6.74,6.74,0,0,1010,990
"412",2.05,-2.05,0,0,1010,990
"413",-1.64,1.64,0,0,1010,990
"414",-5.3,5.3,0,0,1010,990
"415",-10.97,10.97,0,0,1010,990
"416",-3.86,3.86,0,0,1010,990
"417",-2.66,2.66,0,0,1010,990
"418",-2.87,2.87,0,0,1010,990
"419",0.610000000000003,-0.610000000000001,0,0,1010,990
"420",-1.85,1.85,0,0,1010,990
"421",-3.41,3.41,0,0,1010,990
"422",1.96,-1.96,0,0,1010,990
"423",-6.65,6.65,0,0,1010,990
"424",-1.19,1.19,0,0,1010,990
"425",-12.5,12.5,0,0,1010,990
"426",-9.89,9.89,0,0,1010,990
"427",-7.64,7.64,0,0,1010,990
"428",-8.81,8.81,0,0,1010,990
"429",-6.95,6.95,0,0,1010,990
"430",-11.42,11.42,0,0,1010,990
"431",-3.02,3.02,0,0,1010,990
"432",0.789999999999999,-0.789999999999999,0,0,1010,990
"433",-1.91,1.91,0,0,1010,990
"434",-7.97,7.97,0,0,1010,990
"435",-7.76,7.76,0,0,1010,990
"436",-1.4,1.4,0,0,1010,990
"437",-2.24,2.24,0,0,1010,990
"438",8.02,-8.02,0,0,1010,990
"439",-6.17,6.17,0,0,1010,990
"440",-8.75,8.75,0,0,1010,990
"441",2.92,-2.92,0,0,1010,990
"442",-2.84,2.84,0,0,1010,990
"443",-7.88,7.88,0,0,1010,990
"444",0.16,-0.160000000000002,0,0,1010,990
"445",-9.41,9.41,0,0,1010,990
"446",-10.85,10.85,0,0,1010,990
"447",-8.45,8.45,0,0,1010,990
"448",-0.77,0.77,0,0,1010,990
"449",3.13,-3.13,0,0,1010,990
"450",-12.14,12.14,0,0,1010,990
"451",-3.2,3.2,0,0,1010,990
"452",-1.46,1.46,0,0,1010,990
"453",-11.06,11.06,0,0,1010,990
"454",-3.71,3.71,0,0,1010,990
"455",0.400000000000002,-0.400000000000002,0,0,1010,990
"456",9.22,-9.22,0,0,1010,990
"457",2.02,-2.02,0,0,1010,990
"458",7.51,-7.51,0,0,1010,990
"459",4.84,-4.84,0,0,1010,990
"460",-0.0199999999999996,0.0199999999999996,0,0,1010,990
"461",2.05,-2.05,0,0,1010,990
"462",-2.93,2.93,0,0,1010,990
"463",-10.04,10.04,0,0,1010,990
"464",-4.46,4.46,0,0,1010,990
"465",-0.949999999999999,0.949999999999999,0,0,1010,990
"466",-9.68,9.68,0,0,1010,990
"467",-11.51,11.51,0,0,1010,990
"468",-9.83,9.83,0,0,1010,990
"469",-1.76,1.76,0,0,1010,990
"470",-6.26,6.26,0,0,1010,990
"471",-2.84,2.84,0,0,1010,990
"472",-6.89,6.89,0,0,1010,990
"473",-9.59,9.59,0,0,1010,990
"474",-1.97,1.97,0,0,1010,990
"475",6.37,-6.37,0,0,1010,990
"476",-8.27,8.27,0,0,1010,990
"477",9.82,-9.82,0,0,1010,990
"478",-7.61,7.61,0,0,1010,990
"479",-4.31,4.31,0,0,1010,990
"480",-9.89,9.89,0,0,1010,990
"481",-3.92,3.92,0,0,1010,990
"482",-5.24,5.24,0,0,1010,990
"483",-2.45,2.45,0,0,1010,990
"484",-0.710000000000001,0.709999999999999,0,0,1010,990
"485",-8.66,8.66,0,0,1010,990
"486",-13.92,13.92,148.96,-148.96,980,1020
"487",-9.68,9.68,0,0,1010,990
"488",-9.77,9.77,0,0,1010,990
"489",-10.34,10.34,0,0,1010,990
"490",-9.05,9.05,0,0,1010,990
"491",-9.08,9.08,0,0,1010,990
"492",-11,11,0,0,1010,990
"493",-7.82,7.82,0,0,1010,990
"494",-10.91,10.91,0,0,1010,990
"495",-2.57,2.57,0,0,1010,990
"496",-6.35,6.35,0,0,1010,990
"497",1.78,-1.78,0,0,1010,990
"498",2.26,-2.26,0,0,1010,990
"499",-13.32,13.32,163.66,-163.66,980,1020
"500",-2,2,0,0,1010,990
"501",-3.02,3.02,0,0,1010,990
"502",-6.05,6.05,0,0,1010,990
"503",-7.88,7.88,0,0,1010,990
"504",-2.48,2.48,0,0,1010,990
"505",-3.8,3.8,0,0,1010,990
"506",-7.49,7.49,0,0,1010,990
"507",-7.82,7.82,0,0,1010,990
"508",-1.37,1.37,0,0,1010,990
"509",-10.97,10.97,0,0,1010,990
"510",-10.34,10.34,0,0,1010,990
"511",-10.88,10.88,0,0,1010,990
"512",-5.18,5.18,0,0,1010,990
"513",-0.68,0.68,0,0,1010,990
"514",-9.11,9.11,0,0,1010,990
"515",1.57,-1.57,0,0,1010,990
"516",-2.18,2.18,0,0,1010,990
"517",-1.52,1.52,0,0,1010,990
"518",-6.65,6.65,0,0,1010,990
"519",4.3,-4.3,0,0,1010,990
"520",-2.12,2.12,0,0,1010,990
"521",-8.57,8.57,0,0,1010,990
"522",-6.98,6.98,0,0,1010,990
"523",1.72,-1.72,0,0,1010,990
"524",-2.96,2.96,0,0,1010,990
"525",-3.98,3.98,0,0,1010,990
"526",0.460000000000001,-0.460000000000001,0,0,1010,990
"527",-1.49,1.49,0,0,1010,990
"528",-5.9,5.9,0,0,1010,990
"529",-9.62,9.62,0,0,1010,990
"530",-8.3,8.3,0,0,1010,990
"531",-9.23,9.23,0,0,1010,990
"532",-6.38,6.38,0,0,1010,990
"533",1.21,-1.21,0,0,1010,990
"534",-6.02,6.02,0,0,1010,990
"535",-10.52,10.52,0,0,1010,990
"536",9.52,-9.52,0,0,1010,990
"537",0.310000000000002,-0.310000000000002,0,0,1010,990
"538",-9.62,9.62,0,0,1010,990
"539",0.759999999999998,-0.759999999999998,0,0,1010,990
"540",-0.349999999999998,0.35,0,0,1010,990
"541",2.8,-2.8,0,0,1010,990
"542",-1.16,1.16,0,0,1010,990
"543",-8.6,8.6,0,0,1010,990
"544",-1.04,1.04,0,0,1010,990
"545",-10.4,10.4,0,0,1010,990
"546",-3.68,3.68,0,0,1010,990
"547",-3.89,3.89,0,0,1010,990
"548",2.02,-2.02,0,0,1010,990
"549",-11.3,11.3,0,0,1010,990
"550",-0.739999999999998,0.74,0,0,1010,990
"551",-8.57,8.57,0,0,1010,990
"552",-9.92,9.92,0,0,1010,990
"553",-8.54,8.54,0,0,1010,990
"554",1.75,-1.75,0,0,1010,990
"555",0.669999999999998,-0.669999999999998,0,0,1010,990
"556",-9.23,9.23,0,0,1010,990
"557",-3.44,3.44,0,0,1010,990
"558",-8.75,8.75,0,0,1010,990
"559",-0.140000000000001,0.139999999999999,0,0,1010,990
"560",-7.52,7.52,0,0,1010,990
"561",-2.51,2.51,0,0,1010,990
"562",-9.2,9.2,0,0,1010,990
"563",-7.97,7.97,0,0,1010,990
"564",1.39,-1.39,0,0,1010,990
"565",-1.04,1.04,0,0,1010,990
"566",-8.12,8.12,0,0,1010,990
"567",-6.92,6.92,0,0,1010,990
"568",-9.77,9.77,0,0,1010,990
"569",-11.64,11.64,-570.36,570.36,0,2000
"570",0.639999999999997,-0.639999999999999,0,0,1010,990
"571",-8.57,8.57,0,0,1010,990
"572",-7.4,7.4,0,0,1010,990
"573",-9.5,9.5,0,0,1010,990
"574",-3.74,3.74,0,0,1010,990
"575",1.78,-1.78,0,0,1010,990
"576",-9.02,9.02,0,0,1010,990
"577",-5.93,5.93,0,0,1010,990
"578",-5.24,5.24,0,0,1010,990
"579",-1.52,1.52,0,0,1010,990
"580",-8.66,8.66,0,0,1010,990
"581",-0.800000000000001,0.799999999999999,0,0,1010,990
"582",0.310000000000002,-0.310000000000002,0,0,1010,990
"583",-7.1,7.1,0,0,1010,990
"584",1.51,-1.51,0,0,1010,990
"585",-9.77,9.77,0,0,1010,990
"586",-10.85,10.85,0,0,1010,990
"587",-4.04,4.04,0,0,1010,990
"588",0.0700000000000003,-0.0700000000000003,0,0,1010,990
"589",-4.04,4.04,0,0,1010,990
"590",-14.12,14.12,0,0,1010,990
"591",-13.01,13.01,0,0,1010,990
"592",-9.23,9.23,0,0,1010,990
"593",-5.18,5.18,0,0,1010,990
"594",-9.74,9.74,0,0,1010,990
"595",-8.54,8.54,0,0,1010,990
"596",-1.85,1.85,0,0,1010,990
"597",-11.66,11.66,0,0,1010,990
"598",3.13,-3.13,0,0,1010,990
"599",4.63,-4.63,0,0,1010,990
"600",0.190000000000001,-0.190000000000001,0,0,1010,990
"601",2.08,-2.08,0,0,1010,990
"602",-6.11,6.11,0,0,1010,990
"603",0.610000000000003,-0.610000000000001,0,0,1010,990
"604",0.100000000000001,-0.100000000000001,0,0,1010,990
"605",-4.79,4.79,0,0,1010,990
"606",-2.24,2.24,0,0,1010,990
"607",-3.44,3.44,0,0,1010,990
"608",-9.77,9.77,0,0,1010,990
"609",1.18,-1.18,0,0,1010,990
"610",-9.83,9.83,0,0,1010,990
"611",-0.0499999999999972,0.0499999999999989,0,0,1010,990
"612",-8.57,8.57,0,0,1010,990
"613",-1.94,1.94,0,0,1010,990
"614",-10.67,10.67,0,0,1010,990
"615",3.7,-3.7,0,0,1010,990
"616",-11.15,11.15,0,0,1010,990
"617",-2.57,2.57,0,0,1010,990
"618",-10.58,10.58,0,0,1010,990
"619",-6.92,6.92,0,0,1010,990
"620",-2.84,2.84,0,0,1010,990
"621",-10.7,10.7,0,0,1010,990
"622",1.63,-1.63,0,0,1010,990
"623",-7.22,7.22,0,0,1010,990
"624",-8.81,8.81,0,0,1010,990
"625",-4.73,4.73,0,0,1010,990
"626",9.76,-9.76,0,0,1010,990
"627",1,-0.999999999999998,0,0,1010,990
"628",-6.26,6.26,0,0,1010,990
"629",1.57,-1.57,0,0,1010,990
"630",-5.75,5.75,0,0,1010,990
"631",-10.97,10.97,0,0,1010,990
"632",-3.77,3.77,0,0,1010,990
"633",-13.72,13.72,153.86,-153.86,980,1020
"634",-9.83,9.83,0,0,1010,990
"635",-6.17,6.17,0,0,1010,990
"636",1.84,-1.84,0,0,1010,990
"637",-6.38,6.38,0,0,1010,990
"638",-5.24,5.24,0,0,1010,990
"639",-5.63,5.63,0,0,1010,990
"640",4,-4,0,0,1010,990
"641",4.21,-4.21,0,0,1010,990
"642",-12.28,12.28,-601.72,601.72,0,2000
"643",-9.8,9.8,0,0,1010,990
"644",-3.56,3.56,0,0,1010,990
"645",1.09,-1.09,0,0,1010,990
"646",-1.19,1.19,0,0,1010,990
"647",9.13,-9.13,0,0,1010,990
"648",-9.65,9.65,0,0,1010,990
"649",-0.829999999999998,0.83,0,0,1010,990
"650",-9.08,9.08,0,0,1010,990
"651",-1.4,1.4,0,0,1010,990
"652",-2.33,2.33,0,0,1010,990
"653",-9.59,9.59,0,0,1010,990
"654",-0.98,0.98,0,0,1010,990
"655",-4.31,4.31,0,0,1010,990
"656",3.91,-3.91,0,0,1010,990
"657",2.32,-2.32,0,0,1010,990
"658",-1.55,1.55,0,0,1010,990
"659",-5.84,5.84,0,0,1010,990
"660",-10.25,10.25,0,0,1010,990
"661",-4.91,4.91,0,0,1010,990
"662",-6.17,6.17,0,0,1010,990
"663",1.42,-1.42,0,0,1010,990
"664",-1.55,1.55,0,0,1010,990
"665",-0.919999999999998,0.92,0,0,1010,990
"666",-3.53,3.53,0,0,1010,990
"667",-1.58,1.58,0,0,1010,990
"668",-1.79,1.79,0,0,1010,990
"669",-6.62,6.62,0,0,1010,990
"670",1.51,-1.51,0,0,1010,990
"671",-6.29,6.29,0,0,1010,990
"672",1.06,-1.06,0,0,1010,990
"673",-6.86,6.86,0,0,1010,990
"674",-11.96,11.96,0,0,1010,990
"675",-6.77,6.77,0,0,1010,990
"676",2.02,-2.02,0,0,1010,990
"677",0.520000000000003,-0.520000000000001,0,0,1010,990
"678",-8.18,8.18,0,0,1010,990
"679",-10.31,10.31,0,0,1010,990
"680",-11.27,11.27,0,0,1010,990
"681",-1.85,1.85,0,0,1010,990
"682",-13.88,13.88,-680.12,680.12,0,2000
"683",0.550000000000001,-0.550000000000001,0,0,1010,990
"684",-8.69,8.69,0,0,1010,990
"685",-1.19,1.19,0,0,1010,990
"686",-5.12,5.12,0,0,1010,990
"687",2.86,-2.86,0,0,1010,990
"688",-13.84,13.84,-678.16,678.16,0,2000
"689",-1.25,1.25,0,0,1010,990
"690",-3.98,3.98,0,0,1010,990
"691",1.03,-1.03,0,0,1010,990
"692",2.59,-2.59,0,0,1010,990
"693",-9.86,9.86,0,0,1010,990
"694",0.699999999999999,-0.699999999999999,0,0,1010,990
"695",-1.1,1.1,0,0,1010,990
"696",-9.17,9.17,0,0,1010,990
"697",-5.12,5.12,0,0,1010,990
"698",-3.29,3.29,0,0,1010,990
"699",-8.54,8.54,0,0,1010,990
"700",2.68,-2.68,0,0,1010,990
"701",-2.24,2.24,0,0,1010,990
"702",-1.94,1.94,0,0,1010,990
"703",-8.18,8.18,0,0,1010,990
"704",-1.01,1.01,0,0,1010,990
"705",8.35,-8.35,0,0,1010,990
"706",-3.29,3.29,0,0,1010,990
"707",-3.11,3.11,0,0,1010,990
"708",-6.68,6.68,0,0,1010,990
"709",-1.55,1.55,0,0,1010,990
"710",-1.19,1.19,0,0,1010,990
"711",0.16,-0.160000000000002,0,0,1010,990
"712",-8.66,8.66,0,0,1010,990
"713",-3.41,3.41,0,0,1010,990
"714",-3.71,3.71,0,0,1010,990
"715",-10.16,10.16,0,0,1010,990
"716",-10.13,10.13,0,0,1010,990
"717",-7.1,7.1,0,0,1010,990
"718",-10.34,10.34,0,0,1010,990
"719",-0.23,0.229999999999999,0,0,1010,990
"720",-7.13,7.13,0,0,1010,990
"721",-10.79,10.79,0,0,1010,990
"722",-1.97,1.97,0,0,1010,990
"723",-9.77,9.77,0,0,1010,990
"724",-1.07,1.07,0,0,1010,990
"725",-8.03,8.03,0,0,1010,990
"726",-2.96,2.96,0,0,1010,990
"727",-4.7,4.7,0,0,1010,990
"728",-2.87,2.87,0,0,1010,990
"729",-4.25,4.25,0,0,1010,990
"730",1.27,-1.27,0,0,1010,990
"731",-9.47,9.47,0,0,1010,990
"732",-1.46,1.46,0,0,1010,990
"733",-5.72,5.72,0,0,1010,990
"734",-2.33,2.33,0,0,1010,990
"735",-1.19,1.19,0,0,1010,990
"736",-0.710000000000001,0.709999999999999,0,0,1010,990
"737",-9.68,9.68,0,0,1010,990
"738",0.190000000000001,-0.190000000000001,0,0,1010,990
"739",3.91,-3.91,0,0,1010,990
"740",-1.76,1.76,0,0,1010,990
"741",-6.59,6.59,0,0,1010,990
"742",1.6,-1.6,0,0,1010,990
"743",-5.57,5.57,0,0,1010,990
"744",-11.21,11.21,0,0,1010,990
"745",-2.75,2.75,0,0,1010,990
"746",-0.649999999999999,0.649999999999999,0,0,1010,990
"747",-6.86,6.86,0,0,1010,990
"748",-9.53,9.53,0,0,1010,990
"749",-1.67,1.67,0,0,1010,990
"750",-10.43,10.43,0,0,1010,990
"751",1.3,-1.3,0,0,1010,990
"752",-2.18,2.18,0,0,1010,990
"753",-9.14,9.14,0,0,1010,990
"754",2.08,-2.08,0,0,1010,990
"755",-3.74,3.74,0,0,1010,990
"756",-1.01,1.01,0,0,1010,990
"757",-9.74,9.74,0,0,1010,990
"758",-6.11,6.11,0,0,1010,990
"759",-5.72,5.72,0,0,1010,990
"760",-6.68,6.68,0,0,1010,990
"761",-5.93,5.93,0,0,1010,990
"762",-5.93,5.93,0,0,1010,990
"763",3.55,-3.55,0,0,1010,990
"764",-2.93,2.93,0,0,1010,990
"765",-7.16,7.16,0,0,1010,990
"766",-6.92,6.92,0,0,1010,990
"767",0.220000000000002,-0.220000000000001,0,0,1010,990
"768",-5.06,5.06,0,0,1010,990
"769",-6.17,6.17,0,0,1010,990
"770",3.61,-3.61,0,0,1010,990
"771",-8.75,8.75,0,0,1010,990
"772",1.3,-1.3,0,0,1010,990
"773",-6.44,6.44,0,0,1010,990
"774",-6.95,6.95,0,0,1010,990
"775",-7.58,7.58,0,0,1010,990
"776",-9.32,9.32,0,0,1010,990
"777",-8,8,0,0,1010,990
"778",1.9,-1.9,0,0,1010,990
"779",-9.41,9.41,0,0,1010,990
"780",1.63,-1.63,0,0,1010,990
"781",0.550000000000001,-0.550000000000001,0,0,1010,990
"782",-8.81,8.81,0,0,1010,990
"783",-8.45,8.45,0,0,1010,990
"784",-7.28,7.28,0,0,1010,990
"785",-11.81,11.81,0,0,1010,990
"786",-8.63,8.63,0,0,1010,990
"787",-5.96,5.96,0,0,1010,990
"788",-0.439999999999998,0.44,0,0,1010,990
"789",-7.61,7.61,0,0,1010,990
"790",-17.06,17.06,0,0,1010,990
"791",-7.85,7.85,0,0,1010,990
"792",-3.86,3.86,0,0,1010,990
"793",-7.97,7.97,0,0,1010,990
"794",-6.68,6.68,0,0,1010,990
"795",-8.6,8.6,0,0,1010,990
"796",-8.21,8.21,0,0,1010,990
"797",-8.93,8.93,0,0,1010,990
"798",-6.83,6.83,0,0,1010,990
"799",-1.55,1.55,0,0,1010,990
"800",-8.27,8.27,0,0,1010,990
"801",-1.97,1.97,0,0,1010,990
"802",-1.25,1.25,0,0,1010,990
"803",-6.29,6.29,0,0,1010,990
"804",-6.32,6.32,0,0,1010,990
"805",-9.41,9.41,0,0,1010,990
"806",-6.41,6.41,0,0,1010,990
"807",-9.56,9.56,0,0,1010,990
"808",-8.78,8.78,0,0,1010,990
"809",-0.98,0.98,0,0,1010,990
"810",-1.97,1.97,0,0,1010,990
"811",-0.649999999999999,0.649999999999999,0,0,1010,990
"812",0.580000000000002,-0.580000000000002,0,0,1010,990
"813",-13.2,13.2,-646.8,646.8,0,2000
"814",2.05,-2.05,0,0,1010,990
"815",0.130000000000003,-0.130000000000001,0,0,1010,990
"816",-2.36,2.36,0,0,1010,990
"817",-0.23,0.229999999999999,0,0,1010,990
"818",-7.16,7.16,0,0,1010,990
"819",-7.67,7.67,0,0,1010,990
"820",-5.63,5.63,0,0,1010,990
"821",-11.18,11.18,0,0,1010,990
"822",2.17,-2.17,0,0,1010,990
"823",-11.63,11.63,0,0,1010,990
"824",-11.63,11.63,0,0,1010,990
"825",4.12,-4.12,0,0,1010,990
"826",2.5,-2.5,0,0,1010,990
"827",-8.33,8.33,0,0,1010,990
"828",-0.949999999999999,0.949999999999999,0,0,1010,990
"829",-10.37,10.37,0,0,1010,990
"830",-11.21,11.21,0,0,1010,990
"831",-10.4,10.4,0,0,1010,990
"832",-1.85,1.85,0,0,1010,990
"833",-10.1,10.1,0,0,1010,990
"834",2.41,-2.41,0,0,1010,990
"835",-6.77,6.77,0,0,1010,990
"836",-10.76,10.76,0,0,1010,990
"837",-6.65,6.65,0,0,1010,990
"838",-5.69,5.69,0,0,1010,990
"839",4.15,-4.15,0,0,1010,990
"840",-3.47,3.47,0,0,1010,990
"841",-1.73,1.73,0,0,1010,990
"842",-0.23,0.229999999999999,0,0,1010,990
"843",1.09,-1.09,0,0,1010,990
"844",-4.97,4.97,0,0,1010,990
"845",-2.12,2.12,0,0,1010,990
"846",3.34,-3.34,0,0,1010,990
"847",-4.88,4.88,0,0,1010,990
"848",-1.82,1.82,0,0,1010,990
"849",-7.91,7.91,0,0,1010,990
"850",-5.12,5.12,0,0,1010,990
"851",-0.349999999999998,0.35,0,0,1010,990
"852",2.38,-2.38,0,0,1010,990
"853",6.43,-6.43,0,0,1010,990
"854",-9.86,9.86,0,0,1010,990
"855",-4.37,4.37,0,0,1010,990
"856",-8.84,8.84,0,0,1010,990
"857",-5.72,5.72,0,0,1010,990
"858",-6.17,6.17,0,0,1010,990
"859",-7.25,7.25,0,0,1010,990
"860",0.100000000000001,-0.100000000000001,0,0,1010,990
"861",-8.75,8.75,0,0,1010,990
"862",-1.37,1.37,0,0,1010,990
"863",-7.4,7.4,0,0,1010,990
"864",-8.75,8.75,0,0,1010,990
"865",0.280000000000001,-0.280000000000001,0,0,1010,990
"866",-4.37,4.37,0,0,1010,990
"867",1.24,-1.24,0,0,1010,990
"868",0.370000000000001,-0.370000000000001,0,0,1010,990
"869",-6.86,6.86,0,0,1010,990
"870",-3.86,3.86,0,0,1010,990
"871",-1.34,1.34,0,0,1010,990
"872",-1.7,1.7,0,0,1010,990
"873",-0.77,0.77,0,0,1010,990
"874",-4.07,4.07,0,0,1010,990
"875",-9.17,9.17,0,0,1010,990
"876",-0.23,0.229999999999999,0,0,1010,990
"877",-7.49,7.49,0,0,1010,990
"878",-8.81,8.81,0,0,1010,990
"879",-0.530000000000001,0.529999999999999,0,0,1010,990
"880",-1.7,1.7,0,0,1010,990
"881",-0.439999999999998,0.44,0,0,1010,990
"882",-4.61,4.61,0,0,1010,990
"883",-1.79,1.79,0,0,1010,990
"884",-2.03,2.03,0,0,1010,990
"885",-1.46,1.46,0,0,1010,990
"886",-8.57,8.57,0,0,1010,990
"887",-3.41,3.41,0,0,1010,990
"888",-8.24,8.24,0,0,1010,990
"889",-10.49,10.49,0,0,1010,990
"890",-2.75,2.75,0,0,1010,990
"891",-5.6,5.6,0,0,1010,990
"892",-5.93,5.93,0,0,1010,990
"893",-3.44,3.44,0,0,1010,990
"894",-2,2,0,0,1010,990
"895",-6.77,6.77,0,0,1010,990
"896",-0.289999999999999,0.289999999999999,0,0,1010,990
"897",-0.289999999999999,0.289999999999999,0,0,1010,990
"898",2.44,-2.44,0,0,1010,990
"899",1.78,-1.78,0,0,1010,990
"900",-8.33,8.33,0,0,1010,990
"901",-10.34,10.34,0,0,1010,990
"902",-1.37,1.37,0,0,1010,990
"903",2.92,-2.92,0,0,1010,990
"904",-9.71,9.71,0,0,1010,990
"905",0.280000000000001,-0.280000000000001,0,0,1010,990
"906",-4.31,4.31,0,0,1010,990
"907",-2.78,2.78,0,0,1010,990
"908",-5.6,5.6,0,0,1010,990
"909",-10.4,10.4,0,0,1010,990
"910",-5.48,5.48,0,0,1010,990
"911",-4.82,4.82,0,0,1010,990
"912",-5.51,5.51,0,0,1010,990
"913",-1.46,1.46,0,0,1010,990
"914",-0.710000000000001,0.709999999999999,0,0,1010,990
"915",-0.379999999999999,0.379999999999999,0,0,1010,990
"916",-12.35,12.35,0,0,1010,990
"917",-2.48,2.48,0,0,1010,990
"918",2.23,-2.23,0,0,1010,990
"919",-5.96,5.96,0,0,1010,990
"920",-10.91,10.91,0,0,1010,990
"921",3.25,-3.25,0,0,1010,990
"922",-4.07,4.07,0,0,1010,990
"923",-0.439999999999998,0.44,0,0,1010,990
"924",-2.78,2.78,0,0,1010,990
"925",-8.6,8.6,0,0,1010,990
"926",1.03,-1.03,0,0,1010,990
"927",-4.43,4.43,0,0,1010,990
"928",-1.76,1.76,0,0,1010,990
"929",-2.69,2.69,0,0,1010,990
"930",-0.890000000000001,0.890000000000001,0,0,1010,990
"931",-3.62,3.62,0,0,1010,990
"932",-2.36,2.36,0,0,1010,990
"933",-2.99,2.99,0,0,1010,990
"934",-10.76,10.76,0,0,1010,990
"935",2.05,-2.05,0,0,1010,990
"936",0.0400000000000027,-0.0400000000000009,0,0,1010,990
"937",-1.52,1.52,0,0,1010,990
"938",-6.02,6.02,0,0,1010,990
"939",-7.16,7.16,0,0,1010,990
"940",0.639999999999997,-0.639999999999999,0,0,1010,990
"941",-5.57,5.57,0,0,1010,990
"942",-5.69,5.69,0,0,1010,990
"943",-3.26,3.26,0,0,1010,990
"944",-7.49,7.49,0,0,1010,990
"945",-10.91,10.91,0,0,1010,990
"946",-7.82,7.82,0,0,1010,990
"947",-8.54,8.54,0,0,1010,990
"948",-2.84,2.84,0,0,1010,990
"949",3.1,-3.1,0,0,1010,990
"950",-2.33,2.33,0,0,1010,990
"951",1.12,-1.12,0,0,1010,990
"952",-9.77,9.77,0,0,1010,990
"953",1.15,-1.15,0,0,1010,990
"954",-10.79,10.79,0,0,1010,990
"955",-9.92,9.92,0,0,1010,990
"956",1.15,-1.15,0,0,1010,990
"957",-7.34,7.34,0,0,1010,990
"958",0.849999999999998,-0.849999999999998,0,0,1010,990
"959",-8.78,8.78,0,0,1010,990
"960",-10.55,10.55,0,0,1010,990
"961",-3.17,3.17,0,0,1010,990
"962",-4.82,4.82,0,0,1010,990
"963",3.37,-3.37,0,0,1010,990
"964",-0.800000000000001,0.799999999999999,0,0,1010,990
"965",-9.29,9.29,0,0,1010,990
"966",-7.64,7.64,0,0,1010,990
"967",0.550000000000001,-0.550000000000001,0,0,1010,990
"968",3.31,-3.31,0,0,1010,990
"969",-7.61,7.61,0,0,1010,990
"970",1.18,-1.18,0,0,1010,990
"971",-0.890000000000001,0.890000000000001,0,0,1010,990
"972",-0.259999999999998,0.26,0,0,1010,990
"973",0.370000000000001,-0.370000000000001,0,0,1010,990
"974",-1.64,1.64,0,0,1010,990
"975",1.36,-1.36,0,0,1010,990
"976",-9.05,9.05,0,0,1010,990
"977",-7.25,7.25,0,0,1010,990
"978",-4.28,4.28,0,0,1010,990
"979",-2.63,2.63,0,0,1010,990
"980",-9.92,9.92,0,0,1010,990
"981",-0.289999999999999,0.289999999999999,0,0,1010,990
"982",2.44,-2.44,0,0,1010,990
"983",-4.16,4.16,0,0,1010,990
"984",-1.52,1.52,0,0,1010,990
"985",-6.41,6.41,0,0,1010,990
"986",1.42,-1.42,0,0,1010,990
"987",-2.6,2.6,0,0,1010,990
"988",-5.42,5.42,0,0,1010,990
"989",-6.92,6.92,0,0,1010,990
"990",-1.19,1.19,0,0,1010,990
"991",-6.86,6.86,0,0,1010,990
"992",-1.76,1.76,0,0,1010,990
"993",-9.05,9.05,0,0,1010,990
"994",-7.94,7.94,0,0,1010,990
"995",-6.59,6.59,0,0,1010,990
"996",-8.72,8.72,0,0,1010,990
"997",-7.55,7.55,0,0,1010,990
"998",-16.4,16.4,0,0,1010,990
"999",1.03,-1.03,0,0,1010,990
"1000",-4.79,4.79,0,0,1010,990
